SKU,Product_Name,Category,Purchase_Price,Selling_Price,Avg_Price,Stock_Qty
SKU-1,Organic Apple,Food,437.57,499.21,468.39,694
SKU-2,Fresh Milk,Food,183.05,240.12,211.58,879
SKU-3,Sunscreen SPF50,Skincare,289.10,416.65,352.88,179
SKU-4,Blush Palette,Cosmetics,24.07,33.29,28.68,789
SKU-5,Volumizing Mascara,Cosmetics,199.14,338.50,268.82,204
SKU-6,Wireless Mouse,Electronics,400.66,530.92,465.79,477
SKU-7,Bluetooth Speaker,Electronics,78.90,120.09,99.50,322
SKU-8,Waterproof Eyeliner,Cosmetics,474.83,601.32,538.08,875
SKU-9,Blush Palette,Cosmetics,25.35,32.33,28.84,156
SKU-10,LED 24-inch Monitor,Electronics,436.60,487.24,461.92,229
SKU-11,Organic Apple,Food,219.38,268.24,243.81,242
SKU-12,Gentle Face Cleanser,Skincare,239.83,265.80,252.82,880
SKU-13,Heat Protectant Spray,Haircare,235.26,322.01,278.64,592
SKU-14,Basmati Rice,Food,317.25,385.14,351.20,963
SKU-15,Alcohol-Free Toner,Skincare,114.20,196.68,155.44,926
SKU-16,Wireless Mouse,Electronics,409.22,622.02,515.62,965
SKU-17,Full Coverage Foundation,Cosmetics,31.78,37.82,34.80,4
SKU-18,USB-C Charging Cable,Electronics,447.88,736.44,592.16,291
SKU-19,Night Repair Serum,Skincare,188.83,264.20,226.52,352
SKU-20,Volumizing Mascara,Cosmetics,329.47,554.17,441.82,409
SKU-21,Hydrating Moisturizer,Skincare,262.30,330.38,296.34,44
SKU-22,Bluetooth Speaker,Electronics,21.61,24.14,22.88,877
SKU-23,Sunscreen SPF50,Skincare,121.65,194.57,158.11,503
SKU-24,Basmati Rice,Food,176.24,235.66,205.95,849
SKU-25,Volumizing Mascara,Cosmetics,225.79,351.67,288.73,18
SKU-26,Hydrating Moisturizer,Skincare,418.69,697.69,558.19,532
SKU-27,Fresh Milk,Food,258.99,354.65,306.82,457
SKU-28,Sunscreen SPF50,Skincare,282.20,357.71,319.96,534
SKU-29,Revitalizing Hair Serum,Haircare,12.34,20.67,16.51,968
SKU-30,Extra Virgin Olive Oil,Food,421.16,755.15,588.16,394
SKU-31,Matte Liquid Lipstick,Cosmetics,183.81,283.39,233.60,726
SKU-32,Fresh Milk,Food,414.88,707.02,560.95,781
SKU-33,USB-C Charging Cable,Electronics,30.50,43.28,36.89,21
SKU-34,Blush Palette,Cosmetics,308.45,356.56,332.50,754
SKU-35,Volumizing Mascara,Cosmetics,285.93,445.02,365.48,69
SKU-36,Wireless Mouse,Electronics,159.92,196.63,178.27,884
SKU-37,Argan Oil Conditioner,Haircare,11.61,18.75,15.18,8
SKU-38,Sunscreen SPF50,Skincare,478.85,586.10,532.48,714
SKU-39,Night Repair Serum,Skincare,183.62,218.64,201.13,674
SKU-40,Volumizing Mascara,Cosmetics,27.78,34.78,31.28,853
SKU-41,Wireless Mouse,Electronics,237.02,374.03,305.52,232
SKU-42,Fresh Milk,Food,284.36,382.25,333.30,426
SKU-43,Waterproof Eyeliner,Cosmetics,34.58,56.11,45.34,974
SKU-44,Portable Power Bank,Electronics,131.66,194.03,162.84,510
SKU-45,LED 24-inch Monitor,Electronics,410.84,520.20,465.52,637
SKU-46,Wireless Mouse,Electronics,148.95,210.47,179.71,274
SKU-47,Gentle Face Cleanser,Skincare,176.36,198.09,187.23,495
SKU-48,Sunscreen SPF50,Skincare,466.09,825.79,645.94,39
SKU-49,Portable Power Bank,Electronics,383.38,630.65,507.02,963
SKU-50,Dry Shampoo,Haircare,154.26,214.69,184.48,970
SKU-51,Organic Apple,Food,400.76,681.58,541.17,533
SKU-52,Full Coverage Foundation,Cosmetics,105.25,163.40,134.32,264
SKU-53,Whole Wheat Bread,Food,32.86,43.26,38.06,551
SKU-54,Night Repair Serum,Skincare,497.52,557.25,527.38,617
SKU-55,Dry Shampoo,Haircare,159.28,282.90,221.09,681
SKU-56,Matte Liquid Lipstick,Cosmetics,100.89,113.26,107.08,290
SKU-57,Gentle Face Cleanser,Skincare,281.33,385.66,333.50,571
SKU-58,USB-C Charging Cable,Electronics,31.03,46.15,38.59,513
SKU-59,Revitalizing Hair Serum,Haircare,153.34,242.60,197.97,124
SKU-60,LED 24-inch Monitor,Electronics,133.89,203.43,168.66,147
SKU-61,Strengthening Shampoo,Haircare,211.63,262.95,237.29,117
SKU-62,Gentle Face Cleanser,Skincare,317.16,370.46,343.81,885
SKU-63,Heat Protectant Spray,Haircare,89.43,133.78,111.60,839
SKU-64,Basmati Rice,Food,80.15,122.51,101.33,594
SKU-65,Volumizing Mascara,Cosmetics,141.11,193.09,167.10,458
SKU-66,Organic Apple,Food,204.90,364.95,284.92,502
SKU-67,Argan Oil Conditioner,Haircare,259.18,424.75,341.96,975
SKU-68,USB-C Charging Cable,Electronics,137.69,186.36,162.02,606
SKU-69,Blush Palette,Cosmetics,256.41,374.55,315.48,223
SKU-70,Alcohol-Free Toner,Skincare,122.09,219.51,170.80,875
SKU-71,Matte Liquid Lipstick,Cosmetics,430.19,594.58,512.38,984
SKU-72,Bluetooth Speaker,Electronics,429.34,495.58,462.46,553
SKU-73,Whole Wheat Bread,Food,98.24,140.69,119.46,88
SKU-74,Night Repair Serum,Skincare,349.28,417.74,383.51,572
SKU-75,LED 24-inch Monitor,Electronics,441.70,562.52,502.11,995
SKU-76,Hydrating Moisturizer,Skincare,82.84,143.21,113.02,612
SKU-77,Gentle Face Cleanser,Skincare,247.32,383.12,315.22,90
SKU-78,Waterproof Eyeliner,Cosmetics,207.38,234.56,220.97,441
SKU-79,Basmati Rice,Food,478.59,538.51,508.55,563
SKU-80,LED 24-inch Monitor,Electronics,405.86,472.45,439.16,703
SKU-81,Hydrating Moisturizer,Skincare,474.53,726.30,600.42,681
SKU-82,Fresh Milk,Food,351.56,420.36,385.96,65
SKU-83,Whole Wheat Bread,Food,223.76,365.25,294.50,865
SKU-84,Portable Power Bank,Electronics,285.00,379.53,332.26,269
SKU-85,Alcohol-Free Toner,Skincare,294.86,520.55,407.70,481
SKU-86,Hydrating Moisturizer,Skincare,121.10,214.29,167.70,997
SKU-87,Gentle Face Cleanser,Skincare,424.40,487.55,455.98,413
SKU-88,Waterproof Eyeliner,Cosmetics,274.44,373.80,324.12,728
SKU-89,Revitalizing Hair Serum,Haircare,316.43,398.48,357.46,441
SKU-90,Extra Virgin Olive Oil,Food,485.11,786.00,635.56,350
SKU-91,Hydrating Moisturizer,Skincare,376.32,674.02,525.17,133
SKU-92,Gentle Face Cleanser,Skincare,152.75,190.51,171.63,53
SKU-93,Sunscreen SPF50,Skincare,429.48,751.30,590.39,617
SKU-94,Revitalizing Hair Serum,Haircare,288.95,513.12,401.04,197
SKU-95,LED 24-inch Monitor,Electronics,29.56,37.39,33.48,291
SKU-96,Hydrating Moisturizer,Skincare,85.40,103.64,94.52,741
SKU-97,Bluetooth Speaker,Electronics,320.11,561.75,440.93,554
SKU-98,USB-C Charging Cable,Electronics,386.09,530.51,458.30,863
SKU-99,Blush Palette,Cosmetics,128.89,226.85,177.87,622
SKU-100,Dry Shampoo,Haircare,495.26,822.74,659.00,769
SKU-101,Organic Apple,Food,194.77,322.08,258.42,89
SKU-102,Full Coverage Foundation,Cosmetics,247.30,444.75,346.02,118
SKU-103,Whole Wheat Bread,Food,376.49,592.29,484.39,733
SKU-104,Basmati Rice,Food,61.43,85.55,73.49,761
SKU-105,Alcohol-Free Toner,Skincare,118.01,179.75,148.88,287
SKU-106,Matte Liquid Lipstick,Cosmetics,446.63,555.06,500.84,850
SKU-107,Fresh Milk,Food,290.29,466.76,378.52,996
SKU-108,Whole Wheat Bread,Food,273.92,458.95,366.44,776
SKU-109,Blush Palette,Cosmetics,395.66,681.45,538.56,725
SKU-110,Volumizing Mascara,Cosmetics,393.95,495.92,444.94,281
SKU-111,Organic Apple,Food,64.41,84.00,74.20,251
SKU-112,Full Coverage Foundation,Cosmetics,496.40,599.32,547.86,718
SKU-113,Whole Wheat Bread,Food,346.12,400.57,373.34,800
SKU-114,Blush Palette,Cosmetics,184.78,329.92,257.35,986
SKU-115,Alcohol-Free Toner,Skincare,347.61,474.20,410.90,616
SKU-116,Hydrating Moisturizer,Skincare,153.07,269.38,211.22,30
SKU-117,Fresh Milk,Food,376.52,574.93,475.72,22
SKU-118,Heat Protectant Spray,Haircare,164.81,217.44,191.12,952
SKU-119,Night Repair Serum,Skincare,472.55,760.21,616.38,179
SKU-120,Volumizing Mascara,Cosmetics,350.51,514.11,432.31,884
SKU-121,Organic Apple,Food,35.41,54.44,44.92,418
SKU-122,Fresh Milk,Food,449.82,519.71,484.76,373
SKU-123,Whole Wheat Bread,Food,132.28,185.67,158.98,590
SKU-124,Night Repair Serum,Skincare,321.98,533.53,427.76,456
SKU-125,LED 24-inch Monitor,Electronics,327.26,555.91,441.58,805
SKU-126,Hydrating Moisturizer,Skincare,475.40,817.42,646.41,246
SKU-127,Fresh Milk,Food,129.59,222.19,175.89,674
SKU-128,USB-C Charging Cable,Electronics,332.05,390.14,361.10,745
SKU-129,Basmati Rice,Food,115.98,136.04,126.01,161
SKU-130,Volumizing Mascara,Cosmetics,448.22,569.16,508.69,772
SKU-131,Wireless Mouse,Electronics,146.92,181.47,164.20,84
SKU-132,Argan Oil Conditioner,Haircare,185.28,274.05,229.67,902
SKU-133,Whole Wheat Bread,Food,355.76,577.26,466.51,463
SKU-134,Blush Palette,Cosmetics,438.49,532.14,485.32,626
SKU-135,Alcohol-Free Toner,Skincare,161.92,184.60,173.26,793
SKU-136,Hydrating Moisturizer,Skincare,334.78,572.09,453.44,705
SKU-137,Argan Oil Conditioner,Haircare,315.89,358.39,337.14,774
SKU-138,Sunscreen SPF50,Skincare,247.04,436.39,341.72,655
SKU-139,Night Repair Serum,Skincare,14.11,24.26,19.19,979
SKU-140,LED 24-inch Monitor,Electronics,223.11,266.48,244.80,852
SKU-141,Strengthening Shampoo,Haircare,389.01,544.38,466.70,660
SKU-142,Fresh Milk,Food,265.69,306.19,285.94,952
SKU-143,Waterproof Eyeliner,Cosmetics,124.43,185.78,155.11,263
SKU-144,Basmati Rice,Food,300.11,336.97,318.54,154
SKU-145,Volumizing Mascara,Cosmetics,430.79,690.42,560.60,22
SKU-146,Organic Apple,Food,104.18,153.36,128.77,545
SKU-147,Argan Oil Conditioner,Haircare,66.09,112.45,89.27,983
SKU-148,Waterproof Eyeliner,Cosmetics,239.21,360.22,299.72,65
SKU-149,Portable Power Bank,Electronics,370.80,411.51,391.16,517
SKU-150,Alcohol-Free Toner,Skincare,249.25,373.50,311.38,474
SKU-151,Hydrating Moisturizer,Skincare,174.42,257.37,215.90,898
SKU-152,Bluetooth Speaker,Electronics,422.34,751.60,586.97,749
SKU-153,Waterproof Eyeliner,Cosmetics,59.74,81.21,70.47,587
SKU-154,Night Repair Serum,Skincare,50.28,57.52,53.90,956
SKU-155,Volumizing Mascara,Cosmetics,307.28,379.59,343.43,180
SKU-156,Hydrating Moisturizer,Skincare,155.21,242.78,199.00,415
SKU-157,Bluetooth Speaker,Electronics,299.28,380.78,340.03,774
SKU-158,Heat Protectant Spray,Haircare,258.72,457.35,358.04,138
SKU-159,Night Repair Serum,Skincare,265.70,411.92,338.81,938
SKU-160,LED 24-inch Monitor,Electronics,19.00,25.64,22.32,908
SKU-161,Matte Liquid Lipstick,Cosmetics,99.29,142.98,121.14,414
SKU-162,Full Coverage Foundation,Cosmetics,463.14,672.81,567.97,990
SKU-163,Whole Wheat Bread,Food,26.51,41.32,33.92,161
SKU-164,Revitalizing Hair Serum,Haircare,181.04,217.69,199.36,848
SKU-165,Dry Shampoo,Haircare,35.04,57.18,46.11,698
SKU-166,Strengthening Shampoo,Haircare,63.46,91.98,77.72,334
SKU-167,Full Coverage Foundation,Cosmetics,33.56,37.90,35.73,954
SKU-168,Whole Wheat Bread,Food,315.02,418.90,366.96,435
SKU-169,Revitalizing Hair Serum,Haircare,372.20,469.64,420.92,620
SKU-170,Alcohol-Free Toner,Skincare,222.05,347.67,284.86,337
SKU-171,Hydrating Moisturizer,Skincare,177.90,217.09,197.50,429
SKU-172,Bluetooth Speaker,Electronics,295.11,474.29,384.70,538
SKU-173,Sunscreen SPF50,Skincare,391.67,689.64,540.66,951
SKU-174,Night Repair Serum,Skincare,401.86,617.34,509.60,840
SKU-175,LED 24-inch Monitor,Electronics,33.73,56.72,45.22,874
SKU-176,Wireless Mouse,Electronics,383.82,685.68,534.75,909
SKU-177,Argan Oil Conditioner,Haircare,390.59,587.49,489.04,720
SKU-178,USB-C Charging Cable,Electronics,304.07,511.34,407.70,400
SKU-179,Blush Palette,Cosmetics,321.44,390.36,355.90,358
SKU-180,Alcohol-Free Toner,Skincare,460.80,553.95,507.38,956
SKU-181,Strengthening Shampoo,Haircare,408.70,460.68,434.69,521
SKU-182,Argan Oil Conditioner,Haircare,198.73,232.23,215.48,316
SKU-183,USB-C Charging Cable,Electronics,403.56,492.12,447.84,710
SKU-184,Revitalizing Hair Serum,Haircare,55.47,85.43,70.45,542
SKU-185,Extra Virgin Olive Oil,Food,48.40,71.21,59.80,464
SKU-186,Organic Apple,Food,434.28,750.50,592.39,10
SKU-187,Argan Oil Conditioner,Haircare,92.58,150.62,121.60,399
SKU-188,Sunscreen SPF50,Skincare,77.77,136.69,107.23,355
SKU-189,Revitalizing Hair Serum,Haircare,406.31,487.51,446.91,595
SKU-190,Alcohol-Free Toner,Skincare,394.59,580.94,487.76,761
SKU-191,Matte Liquid Lipstick,Cosmetics,39.42,56.91,48.16,778
SKU-192,Argan Oil Conditioner,Haircare,250.91,352.22,301.56,788
SKU-193,Sunscreen SPF50,Skincare,127.73,178.83,153.28,992
SKU-194,Revitalizing Hair Serum,Haircare,47.71,81.36,64.54,174
SKU-195,Extra Virgin Olive Oil,Food,213.42,256.72,235.07,267
SKU-196,Matte Liquid Lipstick,Cosmetics,200.48,354.58,277.53,751
SKU-197,Bluetooth Speaker,Electronics,299.58,358.18,328.88,207
SKU-198,Sunscreen SPF50,Skincare,111.51,171.15,141.33,785
SKU-199,Portable Power Bank,Electronics,245.48,294.04,269.76,475
SKU-200,LED 24-inch Monitor,Electronics,15.84,26.63,21.24,275
SKU-201,Hydrating Moisturizer,Skincare,304.11,356.14,330.12,923
SKU-202,Fresh Milk,Food,336.45,595.96,466.21,65
SKU-203,Whole Wheat Bread,Food,230.79,363.77,297.28,848
SKU-204,Portable Power Bank,Electronics,495.00,636.22,565.61,692
SKU-205,Alcohol-Free Toner,Skincare,251.91,301.25,276.58,12
SKU-206,Hydrating Moisturizer,Skincare,380.88,601.78,491.33,110
SKU-207,Bluetooth Speaker,Electronics,425.08,559.21,492.14,692
SKU-208,Whole Wheat Bread,Food,222.85,284.33,253.59,47
SKU-209,Basmati Rice,Food,113.01,141.23,127.12,672
SKU-210,Alcohol-Free Toner,Skincare,59.73,83.48,71.60,494
SKU-211,Wireless Mouse,Electronics,197.52,234.77,216.14,989
SKU-212,Bluetooth Speaker,Electronics,55.23,97.29,76.26,532
SKU-213,Sunscreen SPF50,Skincare,359.87,554.12,457.00,113
SKU-214,Night Repair Serum,Skincare,19.46,21.87,20.66,690
SKU-215,Extra Virgin Olive Oil,Food,386.82,689.48,538.15,469
SKU-216,Hydrating Moisturizer,Skincare,33.81,51.26,42.54,560
SKU-217,Bluetooth Speaker,Electronics,239.36,281.43,260.40,358
SKU-218,Heat Protectant Spray,Haircare,337.12,377.69,357.40,302
SKU-219,Revitalizing Hair Serum,Haircare,423.82,609.14,516.48,55
SKU-220,LED 24-inch Monitor,Electronics,348.09,618.22,483.16,362
SKU-221,Matte Liquid Lipstick,Cosmetics,185.12,315.04,250.08,971
SKU-222,Fresh Milk,Food,405.88,672.05,538.96,487
SKU-223,Sunscreen SPF50,Skincare,127.65,149.77,138.71,97
SKU-224,Portable Power Bank,Electronics,41.06,54.42,47.74,267
SKU-225,Alcohol-Free Toner,Skincare,103.69,131.87,117.78,815
SKU-226,Hydrating Moisturizer,Skincare,485.07,857.79,671.43,88
SKU-227,Gentle Face Cleanser,Skincare,329.30,484.93,407.12,508
SKU-228,Whole Wheat Bread,Food,404.81,719.95,562.38,940
SKU-229,Revitalizing Hair Serum,Haircare,156.26,246.78,201.52,284
SKU-230,Volumizing Mascara,Cosmetics,442.73,489.08,465.90,714
SKU-231,Strengthening Shampoo,Haircare,343.50,527.99,435.74,14
SKU-232,Gentle Face Cleanser,Skincare,380.46,656.54,518.50,613
SKU-233,Sunscreen SPF50,Skincare,296.73,347.46,322.10,450
SKU-234,Portable Power Bank,Electronics,155.75,200.33,178.04,105
SKU-235,Volumizing Mascara,Cosmetics,359.90,446.31,403.10,317
SKU-236,Strengthening Shampoo,Haircare,465.34,666.09,565.72,166
SKU-237,Fresh Milk,Food,307.81,423.55,365.68,973
SKU-238,USB-C Charging Cable,Electronics,114.68,183.30,148.99,459
SKU-239,Basmati Rice,Food,41.67,60.62,51.14,701
SKU-240,Alcohol-Free Toner,Skincare,179.51,280.24,229.88,381
SKU-241,Hydrating Moisturizer,Skincare,410.34,671.44,540.89,910
SKU-242,Full Coverage Foundation,Cosmetics,44.57,57.82,51.20,21
SKU-243,Whole Wheat Bread,Food,441.52,585.24,513.38,351
SKU-244,Blush Palette,Cosmetics,339.29,501.82,420.56,117
SKU-245,LED 24-inch Monitor,Electronics,359.44,475.73,417.58,586
SKU-246,Strengthening Shampoo,Haircare,28.52,49.72,39.12,488
SKU-247,Fresh Milk,Food,49.68,73.02,61.35,287
SKU-248,Heat Protectant Spray,Haircare,161.53,198.39,179.96,874
SKU-249,Portable Power Bank,Electronics,64.36,82.44,73.40,784
SKU-250,Alcohol-Free Toner,Skincare,17.14,26.62,21.88,121
SKU-251,Organic Apple,Food,225.51,377.03,301.27,752
SKU-252,Full Coverage Foundation,Cosmetics,394.82,445.78,420.30,458
SKU-253,USB-C Charging Cable,Electronics,430.09,493.01,461.55,946
SKU-254,Basmati Rice,Food,231.03,386.25,308.64,288
SKU-255,Dry Shampoo,Haircare,215.66,316.37,266.02,539
SKU-256,Organic Apple,Food,424.91,700.91,562.91,831
SKU-257,Bluetooth Speaker,Electronics,79.60,93.38,86.49,57
SKU-258,USB-C Charging Cable,Electronics,412.46,690.03,551.24,4
SKU-259,Blush Palette,Cosmetics,124.60,137.37,130.99,927
SKU-260,LED 24-inch Monitor,Electronics,368.23,584.03,476.13,463
SKU-261,Matte Liquid Lipstick,Cosmetics,160.81,277.55,219.18,684
SKU-262,Gentle Face Cleanser,Skincare,78.23,119.68,98.96,729
SKU-263,USB-C Charging Cable,Electronics,128.26,180.53,154.39,547
SKU-264,Night Repair Serum,Skincare,141.49,236.08,188.79,825
SKU-265,Extra Virgin Olive Oil,Food,172.68,254.00,213.34,659
SKU-266,Matte Liquid Lipstick,Cosmetics,323.06,389.02,356.04,840
SKU-267,Argan Oil Conditioner,Haircare,275.68,342.57,309.12,27
SKU-268,Sunscreen SPF50,Skincare,116.83,172.19,144.51,87
SKU-269,Portable Power Bank,Electronics,347.49,424.64,386.06,963
SKU-270,Volumizing Mascara,Cosmetics,412.99,702.17,557.58,805
SKU-271,Hydrating Moisturizer,Skincare,91.02,142.90,116.96,71
SKU-272,Argan Oil Conditioner,Haircare,111.44,170.35,140.89,89
SKU-273,Heat Protectant Spray,Haircare,437.02,606.92,521.97,655
SKU-274,Night Repair Serum,Skincare,152.56,203.57,178.06,492
SKU-275,Dry Shampoo,Haircare,231.30,339.51,285.40,210
SKU-276,Strengthening Shampoo,Haircare,218.86,251.27,235.06,74
SKU-277,Argan Oil Conditioner,Haircare,98.79,144.03,121.41,832
SKU-278,Whole Wheat Bread,Food,279.35,376.57,327.96,338
SKU-279,Night Repair Serum,Skincare,35.71,51.04,43.38,925
SKU-280,Volumizing Mascara,Cosmetics,394.93,653.73,524.33,640
SKU-281,Strengthening Shampoo,Haircare,499.10,668.37,583.74,298
SKU-282,Full Coverage Foundation,Cosmetics,66.63,94.52,80.57,278
SKU-283,Whole Wheat Bread,Food,235.28,412.26,323.77,550
SKU-284,Night Repair Serum,Skincare,248.89,424.71,336.80,390
SKU-285,Volumizing Mascara,Cosmetics,370.18,435.24,402.71,91
SKU-286,Organic Apple,Food,419.59,659.18,539.38,775
SKU-287,Full Coverage Foundation,Cosmetics,497.34,622.34,559.84,765
SKU-288,Sunscreen SPF50,Skincare,493.99,883.49,688.74,423
SKU-289,Basmati Rice,Food,345.65,509.18,427.42,850
SKU-290,Dry Shampoo,Haircare,357.63,467.04,412.34,797
SKU-291,Organic Apple,Food,332.27,503.32,417.79,194
SKU-292,Full Coverage Foundation,Cosmetics,278.19,463.65,370.92,609
SKU-293,Waterproof Eyeliner,Cosmetics,246.86,414.44,330.65,704
SKU-294,Revitalizing Hair Serum,Haircare,212.33,326.11,269.22,218
SKU-295,LED 24-inch Monitor,Electronics,235.52,330.66,283.09,464
SKU-296,Organic Apple,Food,232.75,261.46,247.10,657
SKU-297,Bluetooth Speaker,Electronics,457.47,513.27,485.37,549
SKU-298,Whole Wheat Bread,Food,392.68,517.35,455.02,845
SKU-299,Blush Palette,Cosmetics,482.38,838.32,660.35,714
SKU-300,LED 24-inch Monitor,Electronics,84.08,96.95,90.52,264
SKU-301,Strengthening Shampoo,Haircare,420.46,507.49,463.98,420
SKU-302,Bluetooth Speaker,Electronics,463.17,801.29,632.23,353
SKU-303,Sunscreen SPF50,Skincare,492.70,650.77,571.74,458
SKU-304,Blush Palette,Cosmetics,202.51,228.94,215.72,649
SKU-305,Volumizing Mascara,Cosmetics,113.84,141.90,127.87,201
SKU-306,Organic Apple,Food,10.30,11.73,11.02,979
SKU-307,Fresh Milk,Food,39.55,54.96,47.26,212
SKU-308,Waterproof Eyeliner,Cosmetics,262.56,456.27,359.42,522
SKU-309,Revitalizing Hair Serum,Haircare,432.22,603.35,517.79,289
SKU-310,Volumizing Mascara,Cosmetics,493.34,584.51,538.92,906
SKU-311,Matte Liquid Lipstick,Cosmetics,316.97,520.71,418.84,433
SKU-312,Gentle Face Cleanser,Skincare,231.95,383.35,307.65,90
SKU-313,USB-C Charging Cable,Electronics,128.74,202.85,165.80,681
SKU-314,Blush Palette,Cosmetics,280.73,430.68,355.71,21
SKU-315,LED 24-inch Monitor,Electronics,404.84,694.01,549.42,58
SKU-316,Strengthening Shampoo,Haircare,326.55,484.16,405.36,583
SKU-317,Fresh Milk,Food,61.63,93.00,77.32,491
SKU-318,Sunscreen SPF50,Skincare,366.53,515.33,440.93,488
SKU-319,Revitalizing Hair Serum,Haircare,203.52,318.41,260.97,683
SKU-320,Volumizing Mascara,Cosmetics,195.35,274.54,234.94,168
SKU-321,Matte Liquid Lipstick,Cosmetics,43.17,56.14,49.66,464
SKU-322,Bluetooth Speaker,Electronics,217.69,288.32,253.00,493
SKU-323,Sunscreen SPF50,Skincare,468.27,594.76,531.52,511
SKU-324,Basmati Rice,Food,182.39,214.78,198.58,657
SKU-325,Volumizing Mascara,Cosmetics,46.05,68.69,57.37,228
SKU-326,Strengthening Shampoo,Haircare,275.28,341.39,308.33,677
SKU-327,Gentle Face Cleanser,Skincare,341.47,403.74,372.60,997
SKU-328,Heat Protectant Spray,Haircare,309.02,476.36,392.69,393
SKU-329,Portable Power Bank,Electronics,96.97,167.95,132.46,259
SKU-330,Volumizing Mascara,Cosmetics,291.02,368.65,329.84,896
SKU-331,Wireless Mouse,Electronics,174.43,271.03,222.73,719
SKU-332,Bluetooth Speaker,Electronics,282.28,447.28,364.78,142
SKU-333,Whole Wheat Bread,Food,142.63,177.29,159.96,711
SKU-334,Portable Power Bank,Electronics,118.10,173.16,145.63,72
SKU-335,Extra Virgin Olive Oil,Food,481.32,865.47,673.40,462
SKU-336,Hydrating Moisturizer,Skincare,359.45,646.65,503.05,645
SKU-337,Fresh Milk,Food,326.00,483.45,404.72,63
SKU-338,Whole Wheat Bread,Food,203.95,248.07,226.01,526
SKU-339,Portable Power Bank,Electronics,61.55,82.24,71.90,743
SKU-340,Volumizing Mascara,Cosmetics,10.20,12.45,11.32,349
SKU-341,Matte Liquid Lipstick,Cosmetics,450.53,790.05,620.29,738
SKU-342,Gentle Face Cleanser,Skincare,185.72,217.20,201.46,188
SKU-343,USB-C Charging Cable,Electronics,372.43,497.38,434.90,383
SKU-344,Revitalizing Hair Serum,Haircare,27.65,36.59,32.12,195
SKU-345,Alcohol-Free Toner,Skincare,182.53,259.45,220.99,18
SKU-346,Strengthening Shampoo,Haircare,233.04,406.02,319.53,425
SKU-347,Bluetooth Speaker,Electronics,325.98,558.40,442.19,830
SKU-348,Sunscreen SPF50,Skincare,404.45,559.70,482.08,75
SKU-349,Revitalizing Hair Serum,Haircare,71.68,113.86,92.77,301
SKU-350,Alcohol-Free Toner,Skincare,333.39,501.45,417.42,390
SKU-351,Strengthening Shampoo,Haircare,61.01,104.65,82.83,15
SKU-352,Argan Oil Conditioner,Haircare,321.55,469.85,395.70,741
SKU-353,USB-C Charging Cable,Electronics,327.53,441.17,384.35,179
SKU-354,Revitalizing Hair Serum,Haircare,240.93,399.11,320.02,639
SKU-355,Extra Virgin Olive Oil,Food,14.74,16.72,15.73,720
SKU-356,Organic Apple,Food,115.90,155.60,135.75,28
SKU-357,Bluetooth Speaker,Electronics,369.18,541.58,455.38,350
SKU-358,Sunscreen SPF50,Skincare,377.37,561.07,469.22,804
SKU-359,Basmati Rice,Food,373.27,410.74,392.00,542
SKU-360,Extra Virgin Olive Oil,Food,378.84,457.35,418.10,661
SKU-361,Organic Apple,Food,452.96,608.27,530.62,163
SKU-362,Fresh Milk,Food,328.93,469.40,399.16,116
SKU-363,Sunscreen SPF50,Skincare,269.08,432.15,350.62,459
SKU-364,Portable Power Bank,Electronics,411.22,607.50,509.36,170
SKU-365,Dry Shampoo,Haircare,223.88,325.42,274.65,5
SKU-366,Matte Liquid Lipstick,Cosmetics,235.05,327.81,281.43,849
SKU-367,Bluetooth Speaker,Electronics,377.19,640.42,508.80,788
SKU-368,Sunscreen SPF50,Skincare,113.08,169.31,141.20,684
SKU-369,Portable Power Bank,Electronics,85.86,114.17,100.02,291
SKU-370,Dry Shampoo,Haircare,341.07,476.12,408.60,501
SKU-371,Organic Apple,Food,229.09,284.25,256.67,821
SKU-372,Gentle Face Cleanser,Skincare,82.60,112.57,97.58,110
SKU-373,USB-C Charging Cable,Electronics,196.94,278.61,237.78,448
SKU-374,Night Repair Serum,Skincare,491.75,640.37,566.06,413
SKU-375,Alcohol-Free Toner,Skincare,452.52,619.18,535.85,421
SKU-376,Hydrating Moisturizer,Skincare,102.42,129.67,116.04,360
SKU-377,Fresh Milk,Food,204.88,249.07,226.98,165
SKU-378,Waterproof Eyeliner,Cosmetics,322.55,539.20,430.88,695
SKU-379,Basmati Rice,Food,124.98,173.13,149.06,458
SKU-380,LED 24-inch Monitor,Electronics,14.70,17.64,16.17,342
SKU-381,Matte Liquid Lipstick,Cosmetics,449.37,694.64,572.00,499
SKU-382,Full Coverage Foundation,Cosmetics,486.69,763.53,625.11,350
SKU-383,Heat Protectant Spray,Haircare,32.76,56.83,44.80,688
SKU-384,Night Repair Serum,Skincare,60.75,86.16,73.46,89
SKU-385,LED 24-inch Monitor,Electronics,417.74,477.62,447.68,829
SKU-386,Organic Apple,Food,122.22,216.26,169.24,204
SKU-387,Argan Oil Conditioner,Haircare,201.59,293.03,247.31,597
SKU-388,Waterproof Eyeliner,Cosmetics,399.76,551.59,475.68,183
SKU-389,Night Repair Serum,Skincare,402.91,645.43,524.17,140
SKU-390,LED 24-inch Monitor,Electronics,123.41,215.78,169.60,41
SKU-391,Strengthening Shampoo,Haircare,201.68,300.96,251.32,552
SKU-392,Gentle Face Cleanser,Skincare,204.29,273.37,238.83,489
SKU-393,USB-C Charging Cable,Electronics,434.46,662.58,548.52,91
SKU-394,Night Repair Serum,Skincare,197.04,236.65,216.84,961
SKU-395,Extra Virgin Olive Oil,Food,289.83,376.91,333.37,341
SKU-396,Hydrating Moisturizer,Skincare,297.91,370.94,334.42,430
SKU-397,Argan Oil Conditioner,Haircare,184.82,297.18,241.00,629
SKU-398,Sunscreen SPF50,Skincare,477.54,568.30,522.92,675
SKU-399,Night Repair Serum,Skincare,54.91,89.55,72.23,167
SKU-400,Dry Shampoo,Haircare,303.35,425.63,364.49,385
SKU-401,Strengthening Shampoo,Haircare,375.91,519.11,447.51,292
SKU-402,Argan Oil Conditioner,Haircare,320.32,397.90,359.11,608
SKU-403,Waterproof Eyeliner,Cosmetics,176.44,200.33,188.38,11
SKU-404,Night Repair Serum,Skincare,28.72,49.38,39.05,361
SKU-405,Alcohol-Free Toner,Skincare,29.94,43.91,36.92,200
SKU-406,Strengthening Shampoo,Haircare,280.59,350.11,315.35,838
SKU-407,Bluetooth Speaker,Electronics,414.25,629.27,521.76,608
SKU-408,USB-C Charging Cable,Electronics,212.19,290.34,251.26,894
SKU-409,Revitalizing Hair Serum,Haircare,77.87,94.82,86.34,647
SKU-410,Alcohol-Free Toner,Skincare,108.40,131.99,120.20,865
SKU-411,Organic Apple,Food,44.76,67.49,56.12,609
SKU-412,Fresh Milk,Food,108.99,124.51,116.75,358
SKU-413,Whole Wheat Bread,Food,64.42,114.15,89.28,175
SKU-414,Revitalizing Hair Serum,Haircare,290.79,466.97,378.88,384
SKU-415,Dry Shampoo,Haircare,367.60,479.01,423.30,775
SKU-416,Matte Liquid Lipstick,Cosmetics,249.46,364.91,307.18,811
SKU-417,Fresh Milk,Food,295.95,526.98,411.46,210
SKU-418,Whole Wheat Bread,Food,19.58,22.01,20.80,642
SKU-419,Blush Palette,Cosmetics,390.52,516.59,453.56,81
SKU-420,Dry Shampoo,Haircare,37.57,60.86,49.22,580
SKU-421,Wireless Mouse,Electronics,291.50,410.85,351.18,725
SKU-422,Bluetooth Speaker,Electronics,320.57,388.13,354.35,1000
SKU-423,Sunscreen SPF50,Skincare,192.73,268.07,230.40,679
SKU-424,Basmati Rice,Food,125.87,170.75,148.31,834
SKU-425,LED 24-inch Monitor,Electronics,154.78,257.94,206.36,416
SKU-426,Matte Liquid Lipstick,Cosmetics,225.50,375.39,300.44,826
SKU-427,Gentle Face Cleanser,Skincare,36.52,57.47,47.00,441
SKU-428,Heat Protectant Spray,Haircare,429.64,719.52,574.58,243
SKU-429,Portable Power Bank,Electronics,241.14,392.28,316.71,399
SKU-430,Dry Shampoo,Haircare,495.53,625.33,560.43,652
SKU-431,Hydrating Moisturizer,Skincare,27.86,44.28,36.07,243
SKU-432,Fresh Milk,Food,385.08,584.52,484.80,188
SKU-433,Sunscreen SPF50,Skincare,474.84,752.52,613.68,285
SKU-434,Revitalizing Hair Serum,Haircare,120.23,169.69,144.96,49
SKU-435,Volumizing Mascara,Cosmetics,350.51,470.22,410.36,11
SKU-436,Hydrating Moisturizer,Skincare,283.90,485.65,384.78,252
SKU-437,Full Coverage Foundation,Cosmetics,312.53,425.48,369.00,223
SKU-438,Waterproof Eyeliner,Cosmetics,190.78,333.06,261.92,552
SKU-439,Blush Palette,Cosmetics,380.45,552.95,466.70,81
SKU-440,Alcohol-Free Toner,Skincare,26.10,31.85,28.98,760
SKU-441,Matte Liquid Lipstick,Cosmetics,250.04,440.59,345.32,0
SKU-442,Gentle Face Cleanser,Skincare,49.80,68.77,59.28,571
SKU-443,Waterproof Eyeliner,Cosmetics,488.20,738.09,613.14,577
SKU-444,Night Repair Serum,Skincare,197.62,267.73,232.68,776
SKU-445,Dry Shampoo,Haircare,264.08,305.90,284.99,393
SKU-446,Matte Liquid Lipstick,Cosmetics,43.71,77.70,60.70,949
SKU-447,Argan Oil Conditioner,Haircare,315.84,415.70,365.77,258
SKU-448,Sunscreen SPF50,Skincare,134.31,198.54,166.42,366
SKU-449,Portable Power Bank,Electronics,194.20,229.59,211.90,63
SKU-450,Volumizing Mascara,Cosmetics,116.48,183.65,150.06,368
SKU-451,Organic Apple,Food,267.88,324.46,296.17,660
SKU-452,Gentle Face Cleanser,Skincare,292.01,395.83,343.92,612
SKU-453,Sunscreen SPF50,Skincare,482.36,637.49,559.92,859
SKU-454,Revitalizing Hair Serum,Haircare,11.30,14.91,13.10,115
SKU-455,Extra Virgin Olive Oil,Food,171.91,253.82,212.86,644
SKU-456,Strengthening Shampoo,Haircare,163.98,210.59,187.28,551
SKU-457,Full Coverage Foundation,Cosmetics,264.39,352.00,308.20,725
SKU-458,USB-C Charging Cable,Electronics,400.86,635.20,518.03,222
SKU-459,Portable Power Bank,Electronics,416.28,650.49,533.38,8
SKU-460,Volumizing Mascara,Cosmetics,192.16,238.61,215.38,800
SKU-461,Hydrating Moisturizer,Skincare,99.67,130.43,115.05,395
SKU-462,Fresh Milk,Food,299.39,353.08,326.24,139
SKU-463,Heat Protectant Spray,Haircare,444.05,790.38,617.22,947
SKU-464,Night Repair Serum,Skincare,493.39,715.75,604.57,341
SKU-465,Extra Virgin Olive Oil,Food,465.04,622.93,543.98,186
SKU-466,Matte Liquid Lipstick,Cosmetics,47.96,74.78,61.37,528
SKU-467,Bluetooth Speaker,Electronics,45.66,81.15,63.40,166
SKU-468,Whole Wheat Bread,Food,413.15,530.02,471.58,319
SKU-469,Basmati Rice,Food,74.25,100.09,87.17,401
SKU-470,Alcohol-Free Toner,Skincare,11.83,16.50,14.16,970
SKU-471,Organic Apple,Food,15.44,25.22,20.33,731
SKU-472,Full Coverage Foundation,Cosmetics,274.08,431.16,352.62,319
SKU-473,USB-C Charging Cable,Electronics,353.00,522.24,437.62,168
SKU-474,Basmati Rice,Food,350.31,501.42,425.86,528
SKU-475,Extra Virgin Olive Oil,Food,234.03,356.87,295.45,707
SKU-476,Wireless Mouse,Electronics,439.05,603.55,521.30,516
SKU-477,Full Coverage Foundation,Cosmetics,146.61,217.04,181.82,142
SKU-478,Whole Wheat Bread,Food,159.90,278.07,218.98,479
SKU-479,Basmati Rice,Food,250.02,319.36,284.69,405
SKU-480,Dry Shampoo,Haircare,494.27,566.47,530.37,359
SKU-481,Hydrating Moisturizer,Skincare,381.03,465.09,423.06,126
SKU-482,Full Coverage Foundation,Cosmetics,190.81,293.02,241.92,968
SKU-483,Sunscreen SPF50,Skincare,97.39,134.94,116.16,942
SKU-484,Revitalizing Hair Serum,Haircare,250.73,284.90,267.82,548
SKU-485,Dry Shampoo,Haircare,217.99,292.01,255.00,169
SKU-486,Matte Liquid Lipstick,Cosmetics,482.92,608.18,545.55,374
SKU-487,Bluetooth Speaker,Electronics,48.02,61.90,54.96,893
SKU-488,Waterproof Eyeliner,Cosmetics,408.40,653.50,530.95,676
SKU-489,Basmati Rice,Food,102.96,178.61,140.78,527
SKU-490,Extra Virgin Olive Oil,Food,265.52,299.72,282.62,544
SKU-491,Wireless Mouse,Electronics,116.23,133.28,124.76,630
SKU-492,Fresh Milk,Food,99.11,174.26,136.68,246
SKU-493,Heat Protectant Spray,Haircare,120.32,191.67,156.00,603
SKU-494,Portable Power Bank,Electronics,490.75,859.61,675.18,719
SKU-495,Extra Virgin Olive Oil,Food,456.63,557.32,506.98,274
SKU-496,Hydrating Moisturizer,Skincare,412.25,702.65,557.45,146
SKU-497,Gentle Face Cleanser,Skincare,77.24,89.24,83.24,729
SKU-498,Sunscreen SPF50,Skincare,71.94,82.78,77.36,760
SKU-499,Portable Power Bank,Electronics,102.60,114.89,108.74,866
SKU-500,Extra Virgin Olive Oil,Food,91.23,162.34,126.78,408
SKU-501,Organic Apple,Food,378.79,600.44,489.62,518
SKU-502,Gentle Face Cleanser,Skincare,179.77,203.81,191.79,229
SKU-503,USB-C Charging Cable,Electronics,404.88,490.93,447.90,492
SKU-504,Revitalizing Hair Serum,Haircare,208.38,341.37,274.88,105
SKU-505,Alcohol-Free Toner,Skincare,454.22,727.82,591.02,376
SKU-506,Hydrating Moisturizer,Skincare,300.59,457.44,379.02,54
SKU-507,Argan Oil Conditioner,Haircare,130.24,165.75,148.00,937
SKU-508,Heat Protectant Spray,Haircare,212.65,347.30,279.98,161
SKU-509,Portable Power Bank,Electronics,192.30,265.42,228.86,29
SKU-510,LED 24-inch Monitor,Electronics,32.45,42.02,37.24,48
SKU-511,Organic Apple,Food,71.28,112.37,91.82,625
SKU-512,Argan Oil Conditioner,Haircare,347.30,545.90,446.60,501
SKU-513,USB-C Charging Cable,Electronics,103.49,139.07,121.28,631
SKU-514,Revitalizing Hair Serum,Haircare,34.36,55.96,45.16,589
SKU-515,LED 24-inch Monitor,Electronics,389.56,570.31,479.93,974
SKU-516,Organic Apple,Food,79.00,117.40,98.20,104
SKU-517,Fresh Milk,Food,476.67,798.91,637.79,678
SKU-518,USB-C Charging Cable,Electronics,361.55,583.29,472.42,380
SKU-519,Blush Palette,Cosmetics,234.59,416.66,325.62,768
SKU-520,Alcohol-Free Toner,Skincare,37.40,47.53,42.46,112
SKU-521,Matte Liquid Lipstick,Cosmetics,408.50,588.83,498.66,214
SKU-522,Argan Oil Conditioner,Haircare,269.95,394.24,332.10,695
SKU-523,Whole Wheat Bread,Food,104.68,177.08,140.88,876
SKU-524,Basmati Rice,Food,145.72,179.29,162.50,318
SKU-525,Alcohol-Free Toner,Skincare,95.18,109.92,102.55,186
SKU-526,Hydrating Moisturizer,Skincare,362.36,597.05,479.70,559
SKU-527,Fresh Milk,Food,103.62,122.08,112.85,118
SKU-528,Heat Protectant Spray,Haircare,191.00,282.01,236.50,858
SKU-529,Basmati Rice,Food,41.08,53.57,47.32,462
SKU-530,LED 24-inch Monitor,Electronics,76.03,104.93,90.48,166
SKU-531,Hydrating Moisturizer,Skincare,318.18,547.90,433.04,504
SKU-532,Full Coverage Foundation,Cosmetics,307.39,544.64,426.02,993
SKU-533,Heat Protectant Spray,Haircare,469.08,725.88,597.48,631
SKU-534,Blush Palette,Cosmetics,469.26,574.94,522.10,800
SKU-535,Extra Virgin Olive Oil,Food,271.37,353.05,312.21,54
SKU-536,Strengthening Shampoo,Haircare,207.66,256.68,232.17,697
SKU-537,Fresh Milk,Food,272.78,426.42,349.60,953
SKU-538,USB-C Charging Cable,Electronics,382.50,458.58,420.54,569
SKU-539,Blush Palette,Cosmetics,284.25,316.73,300.49,171
SKU-540,LED 24-inch Monitor,Electronics,102.97,161.80,132.38,633
SKU-541,Strengthening Shampoo,Haircare,89.93,152.82,121.38,826
SKU-542,Gentle Face Cleanser,Skincare,452.27,682.32,567.30,244
SKU-543,Waterproof Eyeliner,Cosmetics,305.97,411.02,358.50,736
SKU-544,Basmati Rice,Food,352.03,514.80,433.42,998
SKU-545,Extra Virgin Olive Oil,Food,405.12,503.04,454.08,159
SKU-546,Organic Apple,Food,361.56,601.32,481.44,248
SKU-547,Bluetooth Speaker,Electronics,169.85,281.11,225.48,378
SKU-548,Sunscreen SPF50,Skincare,386.48,566.65,476.56,314
SKU-549,Night Repair Serum,Skincare,371.14,542.67,456.90,858
SKU-550,LED 24-inch Monitor,Electronics,173.51,235.79,204.65,550
SKU-551,Hydrating Moisturizer,Skincare,258.79,464.28,361.54,195
SKU-552,Fresh Milk,Food,97.17,118.45,107.81,519
SKU-553,USB-C Charging Cable,Electronics,155.12,192.92,174.02,470
SKU-554,Blush Palette,Cosmetics,62.95,100.25,81.60,326
SKU-555,Dry Shampoo,Haircare,65.54,115.88,90.71,373
SKU-556,Wireless Mouse,Electronics,209.53,334.27,271.90,331
SKU-557,Argan Oil Conditioner,Haircare,454.87,796.39,625.63,577
SKU-558,Heat Protectant Spray,Haircare,10.55,15.49,13.02,104
SKU-559,Blush Palette,Cosmetics,398.87,706.86,552.86,97
SKU-560,Dry Shampoo,Haircare,85.26,113.18,99.22,482
SKU-561,Wireless Mouse,Electronics,71.09,92.08,81.59,304
SKU-562,Argan Oil Conditioner,Haircare,294.03,466.52,380.28,542
SKU-563,Heat Protectant Spray,Haircare,326.30,447.52,386.91,534
SKU-564,Blush Palette,Cosmetics,480.52,611.10,545.81,180
SKU-565,Volumizing Mascara,Cosmetics,193.17,253.96,223.56,818
SKU-566,Hydrating Moisturizer,Skincare,205.90,360.29,283.10,284
SKU-567,Full Coverage Foundation,Cosmetics,96.30,151.46,123.88,300
SKU-568,Sunscreen SPF50,Skincare,439.05,770.01,604.53,603
SKU-569,Revitalizing Hair Serum,Haircare,146.96,247.89,197.42,7
SKU-570,Volumizing Mascara,Cosmetics,58.48,73.83,66.16,416
SKU-571,Organic Apple,Food,111.15,143.80,127.48,858
SKU-572,Argan Oil Conditioner,Haircare,298.22,421.51,359.86,679
SKU-573,Heat Protectant Spray,Haircare,252.47,454.10,353.28,855
SKU-574,Night Repair Serum,Skincare,168.10,190.26,179.18,507
SKU-575,Alcohol-Free Toner,Skincare,491.11,854.81,672.96,180
SKU-576,Organic Apple,Food,372.68,446.96,409.82,447
SKU-577,Gentle Face Cleanser,Skincare,336.97,573.70,455.34,331
SKU-578,Whole Wheat Bread,Food,348.17,388.55,368.36,224
SKU-579,Basmati Rice,Food,268.94,478.04,373.49,628
SKU-580,Alcohol-Free Toner,Skincare,31.48,53.12,42.30,683
SKU-581,Organic Apple,Food,34.09,39.68,36.89,969
SKU-582,Gentle Face Cleanser,Skincare,426.30,515.40,470.85,838
SKU-583,USB-C Charging Cable,Electronics,303.39,357.07,330.23,677
SKU-584,Portable Power Bank,Electronics,324.61,576.40,450.50,519
SKU-585,Volumizing Mascara,Cosmetics,449.70,774.78,612.24,572
SKU-586,Hydrating Moisturizer,Skincare,174.51,293.26,233.88,651
SKU-587,Full Coverage Foundation,Cosmetics,216.07,348.84,282.46,837
SKU-588,Heat Protectant Spray,Haircare,21.13,23.91,22.52,593
SKU-589,Revitalizing Hair Serum,Haircare,73.14,111.58,92.36,960
SKU-590,Dry Shampoo,Haircare,226.26,383.00,304.63,406
SKU-591,Hydrating Moisturizer,Skincare,438.69,572.24,505.46,28
SKU-592,Argan Oil Conditioner,Haircare,12.70,19.55,16.12,90
SKU-593,Waterproof Eyeliner,Cosmetics,125.22,162.72,143.97,699
SKU-594,Basmati Rice,Food,34.24,50.54,42.39,180
SKU-595,LED 24-inch Monitor,Electronics,454.88,679.17,567.02,694
SKU-596,Organic Apple,Food,282.82,457.22,370.02,173
SKU-597,Bluetooth Speaker,Electronics,183.52,321.15,252.33,603
SKU-598,Whole Wheat Bread,Food,46.33,65.57,55.95,556
SKU-599,Revitalizing Hair Serum,Haircare,113.63,157.91,135.77,57
SKU-600,Dry Shampoo,Haircare,237.63,418.19,327.91,982
SKU-601,Organic Apple,Food,181.71,316.15,248.93,855
SKU-602,Fresh Milk,Food,152.31,240.76,196.54,306
SKU-603,Sunscreen SPF50,Skincare,422.73,648.52,535.62,517
SKU-604,Portable Power Bank,Electronics,480.11,667.60,573.86,281
SKU-605,Extra Virgin Olive Oil,Food,413.28,494.91,454.10,889
SKU-606,Matte Liquid Lipstick,Cosmetics,96.79,107.78,102.28,445
SKU-607,Full Coverage Foundation,Cosmetics,190.38,275.28,232.83,956
SKU-608,USB-C Charging Cable,Electronics,331.45,595.98,463.72,369
SKU-609,Blush Palette,Cosmetics,429.66,607.75,518.71,581
SKU-610,Dry Shampoo,Haircare,480.58,766.17,623.38,958
SKU-611,Organic Apple,Food,75.51,104.91,90.21,674
SKU-612,Full Coverage Foundation,Cosmetics,436.59,710.40,573.50,25
SKU-613,Sunscreen SPF50,Skincare,110.63,194.24,152.44,763
SKU-614,Portable Power Bank,Electronics,299.03,393.05,346.04,272
SKU-615,Extra Virgin Olive Oil,Food,135.49,155.20,145.34,106
SKU-616,Hydrating Moisturizer,Skincare,453.47,815.03,634.25,607
SKU-617,Bluetooth Speaker,Electronics,158.52,281.12,219.82,220
SKU-618,USB-C Charging Cable,Electronics,486.60,687.85,587.22,993
SKU-619,Basmati Rice,Food,358.91,605.24,482.08,211
SKU-620,Dry Shampoo,Haircare,160.46,244.94,202.70,194
SKU-621,Hydrating Moisturizer,Skincare,375.09,440.90,408.00,219
SKU-622,Bluetooth Speaker,Electronics,30.20,37.75,33.98,823
SKU-623,Waterproof Eyeliner,Cosmetics,426.81,730.73,578.77,781
SKU-624,Blush Palette,Cosmetics,44.19,49.83,47.01,264
SKU-625,Alcohol-Free Toner,Skincare,138.35,209.63,173.99,818
SKU-626,Wireless Mouse,Electronics,210.07,246.69,228.38,579
SKU-627,Bluetooth Speaker,Electronics,173.07,203.27,188.17,803
SKU-628,Heat Protectant Spray,Haircare,494.43,566.78,530.60,889
SKU-629,Blush Palette,Cosmetics,487.20,712.24,599.72,461
SKU-630,Alcohol-Free Toner,Skincare,102.64,156.81,129.72,902
SKU-631,Wireless Mouse,Electronics,28.27,39.47,33.87,282
SKU-632,Argan Oil Conditioner,Haircare,174.06,296.44,235.25,314
SKU-633,Sunscreen SPF50,Skincare,472.57,785.24,628.90,476
SKU-634,Night Repair Serum,Skincare,405.07,480.98,443.02,251
SKU-635,Dry Shampoo,Haircare,403.61,595.63,499.62,867
SKU-636,Strengthening Shampoo,Haircare,320.01,377.54,348.78,696
SKU-637,Full Coverage Foundation,Cosmetics,374.80,673.31,524.05,632
SKU-638,Heat Protectant Spray,Haircare,441.04,728.14,584.59,818
SKU-639,Revitalizing Hair Serum,Haircare,299.27,349.03,324.15,701
SKU-640,Extra Virgin Olive Oil,Food,197.83,339.05,268.44,425
SKU-641,Wireless Mouse,Electronics,187.89,258.36,223.12,615
SKU-642,Argan Oil Conditioner,Haircare,459.52,597.03,528.28,519
SKU-643,Waterproof Eyeliner,Cosmetics,315.51,365.60,340.56,903
SKU-644,Blush Palette,Cosmetics,280.04,429.75,354.90,828
SKU-645,Alcohol-Free Toner,Skincare,259.67,318.68,289.18,23
SKU-646,Hydrating Moisturizer,Skincare,395.14,696.80,545.97,444
SKU-647,Argan Oil Conditioner,Haircare,107.27,139.30,123.28,200
SKU-648,Heat Protectant Spray,Haircare,482.23,708.26,595.24,208
SKU-649,Night Repair Serum,Skincare,18.91,25.01,21.96,300
SKU-650,LED 24-inch Monitor,Electronics,75.13,104.96,90.04,169
SKU-651,Wireless Mouse,Electronics,226.89,360.11,293.50,740
SKU-652,Bluetooth Speaker,Electronics,81.87,143.95,112.91,481
SKU-653,Heat Protectant Spray,Haircare,122.15,172.25,147.20,160
SKU-654,Basmati Rice,Food,297.56,355.84,326.70,978
SKU-655,Volumizing Mascara,Cosmetics,455.88,548.35,502.12,78
SKU-656,Organic Apple,Food,195.54,343.04,269.29,292
SKU-657,Full Coverage Foundation,Cosmetics,331.72,394.84,363.28,6
SKU-658,Heat Protectant Spray,Haircare,276.35,309.94,293.14,837
SKU-659,Blush Palette,Cosmetics,144.77,229.15,186.96,859
SKU-660,Dry Shampoo,Haircare,309.60,487.19,398.40,600
SKU-661,Strengthening Shampoo,Haircare,324.42,447.44,385.93,807
SKU-662,Argan Oil Conditioner,Haircare,141.32,210.64,175.98,623
SKU-663,Sunscreen SPF50,Skincare,438.95,769.27,604.11,49
SKU-664,Basmati Rice,Food,41.37,65.73,53.55,681
SKU-665,Volumizing Mascara,Cosmetics,331.11,447.15,389.13,19
SKU-666,Organic Apple,Food,12.66,19.38,16.02,291
SKU-667,Bluetooth Speaker,Electronics,171.17,283.44,227.30,939
SKU-668,Sunscreen SPF50,Skincare,228.99,278.68,253.84,238
SKU-669,Revitalizing Hair Serum,Haircare,467.04,826.92,646.98,498
SKU-670,Volumizing Mascara,Cosmetics,489.54,750.39,619.96,457
SKU-671,Strengthening Shampoo,Haircare,37.90,43.05,40.47,318
SKU-672,Full Coverage Foundation,Cosmetics,119.83,189.35,154.59,521
SKU-673,Heat Protectant Spray,Haircare,101.46,164.05,132.76,71
SKU-674,Basmati Rice,Food,215.19,319.43,267.31,65
SKU-675,Extra Virgin Olive Oil,Food,464.06,820.20,642.13,29
SKU-676,Organic Apple,Food,206.62,335.43,271.02,473
SKU-677,Full Coverage Foundation,Cosmetics,441.08,691.86,566.47,995
SKU-678,Whole Wheat Bread,Food,292.34,488.56,390.45,493
SKU-679,Portable Power Bank,Electronics,137.91,153.41,145.66,705
SKU-680,Extra Virgin Olive Oil,Food,98.39,156.60,127.50,972
SKU-681,Hydrating Moisturizer,Skincare,18.55,22.31,20.43,614
SKU-682,Full Coverage Foundation,Cosmetics,361.70,469.11,415.40,963
SKU-683,USB-C Charging Cable,Electronics,379.60,547.74,463.67,202
SKU-684,Blush Palette,Cosmetics,493.06,857.78,675.42,30
SKU-685,Dry Shampoo,Haircare,150.95,191.41,171.18,216
SKU-686,Organic Apple,Food,46.03,57.76,51.90,856
SKU-687,Gentle Face Cleanser,Skincare,300.27,449.73,375.00,896
SKU-688,Sunscreen SPF50,Skincare,111.33,160.37,135.85,410
SKU-689,Basmati Rice,Food,365.01,547.16,456.08,788
SKU-690,Dry Shampoo,Haircare,58.45,91.51,74.98,635
SKU-691,Organic Apple,Food,118.84,174.34,146.59,47
SKU-692,Bluetooth Speaker,Electronics,397.42,533.58,465.50,655
SKU-693,Heat Protectant Spray,Haircare,161.66,180.82,171.24,524
SKU-694,Basmati Rice,Food,479.88,824.90,652.39,535
SKU-695,Extra Virgin Olive Oil,Food,324.29,469.03,396.66,884
SKU-696,Wireless Mouse,Electronics,46.05,71.55,58.80,682
SKU-697,Bluetooth Speaker,Electronics,33.37,59.63,46.50,825
SKU-698,Whole Wheat Bread,Food,181.73,282.67,232.20,941
SKU-699,Portable Power Bank,Electronics,15.67,27.09,21.38,853
SKU-700,Alcohol-Free Toner,Skincare,24.73,38.55,31.64,628
SKU-701,Hydrating Moisturizer,Skincare,296.66,392.23,344.45,235
SKU-702,Gentle Face Cleanser,Skincare,159.63,184.56,172.10,212
SKU-703,USB-C Charging Cable,Electronics,246.13,436.87,341.50,255
SKU-704,Revitalizing Hair Serum,Haircare,253.67,306.25,279.96,921
SKU-705,Dry Shampoo,Haircare,365.74,650.94,508.34,191
SKU-706,Strengthening Shampoo,Haircare,302.37,435.90,369.14,725
SKU-707,Argan Oil Conditioner,Haircare,288.04,462.97,375.50,483
SKU-708,USB-C Charging Cable,Electronics,105.03,169.40,137.22,758
SKU-709,Night Repair Serum,Skincare,95.69,151.58,123.64,990
SKU-710,LED 24-inch Monitor,Electronics,375.18,665.59,520.38,264
SKU-711,Hydrating Moisturizer,Skincare,245.64,291.80,268.72,960
SKU-712,Gentle Face Cleanser,Skincare,396.34,572.53,484.43,758
SKU-713,USB-C Charging Cable,Electronics,153.43,199.12,176.28,198
SKU-714,Night Repair Serum,Skincare,228.76,388.15,308.46,947
SKU-715,Dry Shampoo,Haircare,233.94,259.06,246.50,513
SKU-716,Wireless Mouse,Electronics,123.21,184.90,154.06,656
SKU-717,Fresh Milk,Food,46.04,67.76,56.90,36
SKU-718,Whole Wheat Bread,Food,226.61,368.32,297.47,954
SKU-719,Blush Palette,Cosmetics,312.39,438.16,375.28,269
SKU-720,Alcohol-Free Toner,Skincare,217.22,319.06,268.14,136
SKU-721,Organic Apple,Food,33.86,53.25,43.56,244
SKU-722,Argan Oil Conditioner,Haircare,71.50,99.78,85.64,975
SKU-723,Sunscreen SPF50,Skincare,119.54,160.93,140.24,99
SKU-724,Night Repair Serum,Skincare,115.46,164.81,140.14,280
SKU-725,Dry Shampoo,Haircare,201.99,270.55,236.27,273
SKU-726,Strengthening Shampoo,Haircare,34.38,49.53,41.96,951
SKU-727,Argan Oil Conditioner,Haircare,332.66,532.77,432.72,165
SKU-728,Sunscreen SPF50,Skincare,277.82,409.88,343.85,562
SKU-729,Basmati Rice,Food,408.41,519.23,463.82,478
SKU-730,Dry Shampoo,Haircare,31.02,38.13,34.58,127
SKU-731,Organic Apple,Food,250.41,296.95,273.68,161
SKU-732,Gentle Face Cleanser,Skincare,260.48,425.12,342.80,786
SKU-733,Sunscreen SPF50,Skincare,123.94,146.87,135.40,862
SKU-734,Basmati Rice,Food,175.60,198.79,187.20,350
SKU-735,Extra Virgin Olive Oil,Food,459.36,741.84,600.60,190
SKU-736,Matte Liquid Lipstick,Cosmetics,295.01,443.18,369.10,851
SKU-737,Gentle Face Cleanser,Skincare,306.23,544.54,425.38,975
SKU-738,Heat Protectant Spray,Haircare,172.03,191.39,181.71,420
SKU-739,Revitalizing Hair Serum,Haircare,128.17,154.16,141.16,358
SKU-740,Alcohol-Free Toner,Skincare,174.62,304.86,239.74,185
SKU-741,Matte Liquid Lipstick,Cosmetics,266.36,345.62,305.99,202
SKU-742,Argan Oil Conditioner,Haircare,482.13,696.23,589.18,455
SKU-743,Sunscreen SPF50,Skincare,355.38,600.45,477.92,725
SKU-744,Revitalizing Hair Serum,Haircare,129.03,157.15,143.09,604
SKU-745,Dry Shampoo,Haircare,198.98,342.70,270.84,565
SKU-746,Hydrating Moisturizer,Skincare,372.77,563.69,468.23,960
SKU-747,Full Coverage Foundation,Cosmetics,461.80,646.69,554.24,521
SKU-748,USB-C Charging Cable,Electronics,378.03,419.68,398.86,538
SKU-749,Revitalizing Hair Serum,Haircare,77.84,136.97,107.40,878
SKU-750,Alcohol-Free Toner,Skincare,126.74,159.27,143.00,878
SKU-751,Hydrating Moisturizer,Skincare,457.25,617.97,537.61,763
SKU-752,Fresh Milk,Food,489.70,592.05,540.88,281
SKU-753,Heat Protectant Spray,Haircare,438.96,717.88,578.42,713
SKU-754,Basmati Rice,Food,101.54,165.57,133.56,64
SKU-755,Dry Shampoo,Haircare,223.46,389.77,306.62,584
SKU-756,Matte Liquid Lipstick,Cosmetics,481.44,688.20,584.82,756
SKU-757,Full Coverage Foundation,Cosmetics,59.41,81.87,70.64,562
SKU-758,Waterproof Eyeliner,Cosmetics,338.92,428.73,383.83,818
SKU-759,Night Repair Serum,Skincare,270.78,376.39,323.58,387
SKU-760,Alcohol-Free Toner,Skincare,59.39,88.10,73.74,248
SKU-761,Matte Liquid Lipstick,Cosmetics,77.68,100.66,89.17,135
SKU-762,Bluetooth Speaker,Electronics,410.32,730.41,570.36,138
SKU-763,USB-C Charging Cable,Electronics,256.15,330.18,293.16,828
SKU-764,Basmati Rice,Food,129.00,199.75,164.38,128
SKU-765,Alcohol-Free Toner,Skincare,222.22,332.17,277.20,977
SKU-766,Hydrating Moisturizer,Skincare,15.47,20.01,17.74,838
SKU-767,Fresh Milk,Food,493.90,740.96,617.43,562
SKU-768,Heat Protectant Spray,Haircare,429.53,664.69,547.11,288
SKU-769,Basmati Rice,Food,413.59,559.22,486.40,126
SKU-770,Dry Shampoo,Haircare,111.67,131.24,121.46,305
SKU-771,Organic Apple,Food,474.19,526.60,500.40,160
SKU-772,Fresh Milk,Food,400.91,604.12,502.52,125
SKU-773,Sunscreen SPF50,Skincare,350.02,485.94,417.98,815
SKU-774,Night Repair Serum,Skincare,27.55,36.87,32.21,908
SKU-775,Dry Shampoo,Haircare,27.11,39.77,33.44,34
SKU-776,Strengthening Shampoo,Haircare,387.18,440.41,413.80,54
SKU-777,Gentle Face Cleanser,Skincare,63.70,92.20,77.95,262
SKU-778,Whole Wheat Bread,Food,292.88,367.50,330.19,701
SKU-779,Blush Palette,Cosmetics,473.21,743.59,608.40,945
SKU-780,Dry Shampoo,Haircare,471.64,781.47,626.56,284
SKU-781,Organic Apple,Food,491.56,619.41,555.48,857
SKU-782,Argan Oil Conditioner,Haircare,498.89,658.62,578.76,760
SKU-783,Whole Wheat Bread,Food,169.51,254.13,211.82,868
SKU-784,Blush Palette,Cosmetics,193.98,307.25,250.62,799
SKU-785,LED 24-inch Monitor,Electronics,374.50,546.88,460.69,203
SKU-786,Strengthening Shampoo,Haircare,223.72,373.88,298.80,132
SKU-787,Full Coverage Foundation,Cosmetics,44.65,63.11,53.88,773
SKU-788,Sunscreen SPF50,Skincare,281.71,360.17,320.94,87
SKU-789,Revitalizing Hair Serum,Haircare,108.42,185.65,147.04,313
SKU-790,Volumizing Mascara,Cosmetics,288.99,442.45,365.72,746
SKU-791,Wireless Mouse,Electronics,345.31,387.04,366.18,330
SKU-792,Argan Oil Conditioner,Haircare,480.87,798.37,639.62,58
SKU-793,Heat Protectant Spray,Haircare,111.71,124.91,118.31,806
SKU-794,Night Repair Serum,Skincare,24.96,39.94,32.45,443
SKU-795,LED 24-inch Monitor,Electronics,408.10,478.49,443.30,527
SKU-796,Matte Liquid Lipstick,Cosmetics,341.55,558.25,449.90,488
SKU-797,Fresh Milk,Food,200.09,331.27,265.68,938
SKU-798,Heat Protectant Spray,Haircare,410.38,506.69,458.54,805
SKU-799,Night Repair Serum,Skincare,220.88,284.82,252.85,303
SKU-800,Volumizing Mascara,Cosmetics,450.41,779.29,614.85,325
SKU-801,Wireless Mouse,Electronics,327.18,437.70,382.44,329
SKU-802,Full Coverage Foundation,Cosmetics,73.63,120.78,97.20,231
SKU-803,Whole Wheat Bread,Food,478.16,839.80,658.98,404
SKU-804,Basmati Rice,Food,106.12,175.01,140.56,309
SKU-805,Dry Shampoo,Haircare,142.57,158.40,150.49,697
SKU-806,Organic Apple,Food,30.96,55.29,43.12,543
SKU-807,Full Coverage Foundation,Cosmetics,192.93,234.34,213.64,995
SKU-808,Heat Protectant Spray,Haircare,100.10,116.76,108.43,10
SKU-809,Basmati Rice,Food,120.87,202.65,161.76,832
SKU-810,Volumizing Mascara,Cosmetics,89.36,142.04,115.70,987
SKU-811,Wireless Mouse,Electronics,398.45,502.72,450.58,108
SKU-812,Full Coverage Foundation,Cosmetics,152.19,178.75,165.47,960
SKU-813,Waterproof Eyeliner,Cosmetics,242.13,373.16,307.64,136
SKU-814,Portable Power Bank,Electronics,262.24,431.80,347.02,934
SKU-815,Volumizing Mascara,Cosmetics,117.57,177.51,147.54,661
SKU-816,Strengthening Shampoo,Haircare,347.36,404.31,375.84,382
SKU-817,Gentle Face Cleanser,Skincare,203.72,284.32,244.02,332
SKU-818,Sunscreen SPF50,Skincare,360.85,556.53,458.69,657
SKU-819,Night Repair Serum,Skincare,485.51,872.87,679.19,613
SKU-820,Alcohol-Free Toner,Skincare,302.90,379.54,341.22,837
SKU-821,Strengthening Shampoo,Haircare,349.97,602.62,476.30,317
SKU-822,Gentle Face Cleanser,Skincare,173.58,225.88,199.73,676
SKU-823,Sunscreen SPF50,Skincare,41.19,53.26,47.22,279
SKU-824,Revitalizing Hair Serum,Haircare,203.26,340.79,272.02,204
SKU-825,LED 24-inch Monitor,Electronics,11.92,19.36,15.64,569
SKU-826,Matte Liquid Lipstick,Cosmetics,92.32,137.70,115.01,636
SKU-827,Argan Oil Conditioner,Haircare,134.84,182.63,158.74,294
SKU-828,Heat Protectant Spray,Haircare,317.35,380.54,348.95,326
SKU-829,Blush Palette,Cosmetics,429.28,594.11,511.70,813
SKU-830,Volumizing Mascara,Cosmetics,34.32,46.30,40.31,255
SKU-831,Organic Apple,Food,181.08,270.29,225.68,646
SKU-832,Gentle Face Cleanser,Skincare,35.90,40.36,38.13,562
SKU-833,Whole Wheat Bread,Food,211.74,300.13,255.94,348
SKU-834,Portable Power Bank,Electronics,21.72,25.58,23.65,11
SKU-835,Dry Shampoo,Haircare,41.15,49.98,45.56,822
SKU-836,Strengthening Shampoo,Haircare,473.69,724.70,599.20,349
SKU-837,Fresh Milk,Food,390.79,489.03,439.91,798
SKU-838,Whole Wheat Bread,Food,413.94,601.03,507.48,918
SKU-839,Blush Palette,Cosmetics,175.16,285.20,230.18,614
SKU-840,Volumizing Mascara,Cosmetics,371.59,437.22,404.40,701
SKU-841,Hydrating Moisturizer,Skincare,72.43,100.16,86.30,47
SKU-842,Full Coverage Foundation,Cosmetics,440.74,641.06,540.90,196
SKU-843,Whole Wheat Bread,Food,333.30,585.04,459.17,459
SKU-844,Night Repair Serum,Skincare,16.01,19.19,17.60,479
SKU-845,LED 24-inch Monitor,Electronics,498.67,558.22,528.45,153
SKU-846,Strengthening Shampoo,Haircare,193.58,345.43,269.50,756
SKU-847,Full Coverage Foundation,Cosmetics,364.10,562.53,463.32,687
SKU-848,Sunscreen SPF50,Skincare,65.64,111.54,88.59,518
SKU-849,Portable Power Bank,Electronics,169.61,267.17,218.39,888
SKU-850,Volumizing Mascara,Cosmetics,89.66,129.11,109.38,173
SKU-851,Strengthening Shampoo,Haircare,464.67,775.36,620.02,342
SKU-852,Gentle Face Cleanser,Skincare,86.65,148.15,117.40,687
SKU-853,Whole Wheat Bread,Food,413.93,717.95,565.94,313
SKU-854,Blush Palette,Cosmetics,220.30,254.03,237.17,335
SKU-855,Dry Shampoo,Haircare,388.31,530.85,459.58,843
SKU-856,Organic Apple,Food,15.87,26.55,21.21,360
SKU-857,Bluetooth Speaker,Electronics,358.78,575.67,467.22,657
SKU-858,Sunscreen SPF50,Skincare,142.12,206.09,174.10,827
SKU-859,Basmati Rice,Food,348.72,491.27,420.00,531
SKU-860,Extra Virgin Olive Oil,Food,183.66,263.89,223.77,601
SKU-861,Organic Apple,Food,498.45,781.90,640.17,122
SKU-862,Fresh Milk,Food,58.57,85.16,71.86,728
SKU-863,USB-C Charging Cable,Electronics,364.88,537.29,451.08,170
SKU-864,Night Repair Serum,Skincare,247.05,299.74,273.40,764
SKU-865,Volumizing Mascara,Cosmetics,32.07,43.05,37.56,714
SKU-866,Hydrating Moisturizer,Skincare,217.05,258.47,237.76,717
SKU-867,Argan Oil Conditioner,Haircare,24.57,41.22,32.89,642
SKU-868,USB-C Charging Cable,Electronics,350.49,627.78,489.14,586
SKU-869,Basmati Rice,Food,195.65,244.62,220.14,637
SKU-870,Alcohol-Free Toner,Skincare,76.55,134.49,105.52,338
SKU-871,Hydrating Moisturizer,Skincare,32.74,41.45,37.10,117
SKU-872,Gentle Face Cleanser,Skincare,261.01,387.05,324.03,547
SKU-873,Sunscreen SPF50,Skincare,198.88,317.76,258.32,403
SKU-874,Night Repair Serum,Skincare,112.07,166.97,139.52,196
SKU-875,Extra Virgin Olive Oil,Food,434.09,482.96,458.52,635
SKU-876,Matte Liquid Lipstick,Cosmetics,87.42,128.29,107.85,311
SKU-877,Bluetooth Speaker,Electronics,482.71,867.05,674.88,633
SKU-878,USB-C Charging Cable,Electronics,99.57,125.84,112.70,84
SKU-879,Basmati Rice,Food,179.76,285.78,232.77,21
SKU-880,Alcohol-Free Toner,Skincare,412.32,631.42,521.87,65
SKU-881,Hydrating Moisturizer,Skincare,352.20,404.99,378.60,324
SKU-882,Gentle Face Cleanser,Skincare,126.17,142.73,134.45,364
SKU-883,Whole Wheat Bread,Food,238.15,320.85,279.50,610
SKU-884,Portable Power Bank,Electronics,141.05,240.85,190.95,245
SKU-885,LED 24-inch Monitor,Electronics,243.07,277.73,260.40,905
SKU-886,Organic Apple,Food,10.52,12.81,11.66,7
SKU-887,Gentle Face Cleanser,Skincare,150.15,214.71,182.43,73
SKU-888,Heat Protectant Spray,Haircare,116.56,170.96,143.76,910
SKU-889,Night Repair Serum,Skincare,387.98,511.36,449.67,230
SKU-890,Alcohol-Free Toner,Skincare,245.48,394.76,320.12,989
SKU-891,Hydrating Moisturizer,Skincare,490.91,679.52,585.22,589
SKU-892,Bluetooth Speaker,Electronics,331.64,425.16,378.40,711
SKU-893,Sunscreen SPF50,Skincare,435.80,579.15,507.48,997
SKU-894,Revitalizing Hair Serum,Haircare,38.08,64.59,51.34,674
SKU-895,LED 24-inch Monitor,Electronics,184.40,261.15,222.77,815
SKU-896,Wireless Mouse,Electronics,319.77,356.15,337.96,569
SKU-897,Gentle Face Cleanser,Skincare,363.98,401.62,382.80,553
SKU-898,Heat Protectant Spray,Haircare,218.91,260.94,239.92,965
SKU-899,Portable Power Bank,Electronics,424.93,595.32,510.12,955
SKU-900,Alcohol-Free Toner,Skincare,469.79,649.60,559.70,775
SKU-901,Hydrating Moisturizer,Skincare,164.71,253.96,209.34,251
SKU-902,Fresh Milk,Food,166.41,216.09,191.25,631
SKU-903,Whole Wheat Bread,Food,292.17,418.34,355.26,610
SKU-904,Portable Power Bank,Electronics,242.35,310.32,276.33,546
SKU-905,Extra Virgin Olive Oil,Food,33.18,49.42,41.30,374
SKU-906,Matte Liquid Lipstick,Cosmetics,145.72,231.62,188.67,498
SKU-907,Gentle Face Cleanser,Skincare,343.09,402.93,373.01,633
SKU-908,USB-C Charging Cable,Electronics,481.50,734.10,607.80,911
SKU-909,Night Repair Serum,Skincare,386.38,595.22,490.80,637
SKU-910,Alcohol-Free Toner,Skincare,248.25,377.62,312.94,313
SKU-911,Hydrating Moisturizer,Skincare,150.31,236.93,193.62,293
SKU-912,Gentle Face Cleanser,Skincare,47.31,79.48,63.40,124
SKU-913,USB-C Charging Cable,Electronics,121.58,184.62,153.10,419
SKU-914,Revitalizing Hair Serum,Haircare,136.92,176.28,156.60,140
SKU-915,LED 24-inch Monitor,Electronics,482.32,823.25,652.78,957
SKU-916,Hydrating Moisturizer,Skincare,119.37,204.19,161.78,238
SKU-917,Argan Oil Conditioner,Haircare,342.39,380.39,361.39,688
SKU-918,Heat Protectant Spray,Haircare,295.46,334.07,314.76,320
SKU-919,Revitalizing Hair Serum,Haircare,459.22,773.12,616.17,565
SKU-920,Volumizing Mascara,Cosmetics,173.95,261.51,217.73,303
SKU-921,Wireless Mouse,Electronics,158.68,237.59,198.14,157
SKU-922,Argan Oil Conditioner,Haircare,225.37,311.23,268.30,750
SKU-923,Heat Protectant Spray,Haircare,222.22,288.26,255.24,819
SKU-924,Night Repair Serum,Skincare,225.43,371.10,298.26,229
SKU-925,Volumizing Mascara,Cosmetics,424.35,705.29,564.82,742
SKU-926,Hydrating Moisturizer,Skincare,172.09,300.95,236.52,546
SKU-927,Argan Oil Conditioner,Haircare,174.78,295.55,235.17,718
SKU-928,Heat Protectant Spray,Haircare,297.82,442.32,370.07,835
SKU-929,Blush Palette,Cosmetics,186.97,305.30,246.14,3
SKU-930,Alcohol-Free Toner,Skincare,51.43,81.95,66.69,828
SKU-931,Hydrating Moisturizer,Skincare,488.07,613.70,550.88,146
SKU-932,Full Coverage Foundation,Cosmetics,458.27,626.12,542.19,287
SKU-933,Whole Wheat Bread,Food,35.66,61.10,48.38,991
SKU-934,Revitalizing Hair Serum,Haircare,488.43,680.46,584.45,459
SKU-935,Alcohol-Free Toner,Skincare,410.75,720.81,565.78,637
SKU-936,Matte Liquid Lipstick,Cosmetics,198.18,275.49,236.84,328
SKU-937,Bluetooth Speaker,Electronics,366.74,626.27,496.50,196
SKU-938,Heat Protectant Spray,Haircare,292.97,353.89,323.43,600
SKU-939,Basmati Rice,Food,331.80,410.28,371.04,97
SKU-940,Extra Virgin Olive Oil,Food,178.84,291.96,235.40,380
SKU-941,Hydrating Moisturizer,Skincare,157.73,189.50,173.62,808
SKU-942,Full Coverage Foundation,Cosmetics,241.62,287.78,264.70,725
SKU-943,Sunscreen SPF50,Skincare,304.14,457.52,380.83,135
SKU-944,Blush Palette,Cosmetics,418.59,722.69,570.64,508
SKU-945,Dry Shampoo,Haircare,123.94,214.81,169.38,784
SKU-946,Wireless Mouse,Electronics,66.95,101.94,84.44,654
SKU-947,Full Coverage Foundation,Cosmetics,349.63,457.46,403.54,8
SKU-948,Waterproof Eyeliner,Cosmetics,205.80,350.30,278.05,978
SKU-949,Revitalizing Hair Serum,Haircare,498.30,634.20,566.25,825
SKU-950,Dry Shampoo,Haircare,144.39,241.20,192.80,149
SKU-951,Hydrating Moisturizer,Skincare,177.03,311.21,244.12,860
SKU-952,Fresh Milk,Food,18.33,32.88,25.60,343
SKU-953,Whole Wheat Bread,Food,454.49,746.09,600.29,601
SKU-954,Revitalizing Hair Serum,Haircare,349.52,479.20,414.36,808
SKU-955,Extra Virgin Olive Oil,Food,165.14,239.63,202.38,564
SKU-956,Organic Apple,Food,427.99,482.63,455.31,264
SKU-957,Argan Oil Conditioner,Haircare,337.48,602.46,469.97,972
SKU-958,Waterproof Eyeliner,Cosmetics,227.93,389.03,308.48,962
SKU-959,Basmati Rice,Food,427.39,569.72,498.56,631
SKU-960,Extra Virgin Olive Oil,Food,231.10,263.21,247.15,753
SKU-961,Strengthening Shampoo,Haircare,88.53,122.54,105.54,896
SKU-962,Gentle Face Cleanser,Skincare,16.03,25.36,20.70,390
SKU-963,USB-C Charging Cable,Electronics,13.27,18.79,16.03,22
SKU-964,Night Repair Serum,Skincare,481.14,530.64,505.89,899
SKU-965,Extra Virgin Olive Oil,Food,202.36,257.44,229.90,791
SKU-966,Matte Liquid Lipstick,Cosmetics,465.29,837.24,651.26,951
SKU-967,Fresh Milk,Food,355.73,546.76,451.24,878
SKU-968,Waterproof Eyeliner,Cosmetics,357.14,642.40,499.77,376
SKU-969,Revitalizing Hair Serum,Haircare,164.58,249.33,206.96,824
SKU-970,Volumizing Mascara,Cosmetics,337.69,403.56,370.62,796
SKU-971,Organic Apple,Food,78.66,136.19,107.42,301
SKU-972,Fresh Milk,Food,323.93,434.99,379.46,571
SKU-973,Heat Protectant Spray,Haircare,263.58,309.28,286.43,653
SKU-974,Revitalizing Hair Serum,Haircare,222.48,299.81,261.14,288
SKU-975,LED 24-inch Monitor,Electronics,361.28,532.22,446.75,91
SKU-976,Strengthening Shampoo,Haircare,51.88,85.91,68.90,156
SKU-977,Bluetooth Speaker,Electronics,26.28,36.66,31.47,24
SKU-978,Sunscreen SPF50,Skincare,376.71,666.57,521.64,255
SKU-979,Revitalizing Hair Serum,Haircare,103.80,175.91,139.85,73
SKU-980,Dry Shampoo,Haircare,243.14,362.22,302.68,618
SKU-981,Wireless Mouse,Electronics,305.23,543.27,424.25,235
SKU-982,Gentle Face Cleanser,Skincare,309.44,386.27,347.86,203
SKU-983,USB-C Charging Cable,Electronics,70.70,81.04,75.87,170
SKU-984,Blush Palette,Cosmetics,173.19,310.16,241.68,654
SKU-985,Volumizing Mascara,Cosmetics,24.96,42.87,33.92,335
SKU-986,Strengthening Shampoo,Haircare,455.16,590.99,523.08,114
SKU-987,Gentle Face Cleanser,Skincare,233.98,412.44,323.21,40
SKU-988,Waterproof Eyeliner,Cosmetics,280.85,401.65,341.25,181
SKU-989,Blush Palette,Cosmetics,438.37,544.76,491.56,420
SKU-990,Volumizing Mascara,Cosmetics,397.78,591.24,494.51,12
SKU-991,Hydrating Moisturizer,Skincare,139.61,167.19,153.40,276
SKU-992,Gentle Face Cleanser,Skincare,124.45,145.20,134.82,444
SKU-993,Sunscreen SPF50,Skincare,465.17,664.20,564.69,747
SKU-994,Night Repair Serum,Skincare,148.06,184.47,166.26,272
SKU-995,Dry Shampoo,Haircare,187.03,247.15,217.09,753
SKU-996,Strengthening Shampoo,Haircare,217.08,359.49,288.29,788
SKU-997,Fresh Milk,Food,300.24,429.63,364.94,692
SKU-998,Heat Protectant Spray,Haircare,163.35,181.57,172.46,493
SKU-999,Revitalizing Hair Serum,Haircare,96.47,155.93,126.20,228
SKU-1000,Alcohol-Free Toner,Skincare,389.20,549.81,469.50,661
