Return_ID,Order_ID,Return_Reason,Return_Date,Returned_Qty,Selling_Price,Discount_%,Refund_Amount
RET-2,ORD-1201,Late Delivery,2024-02-25,28,376.39,5%,"9,010.78"
RET-141,ORD-23,Late Delivery,2024-02-19,21,520.20,15%,"8,357.01"
RET-24,ORD-781,Quality Issue,2024-09-23,2,277.55,20%,399.67
RET-1755,ORD-37,Late Delivery,2024-07-11,20,672.81,5%,"11,505.05"
RET-154,ORD-43,Quality Issue,2024-12-31,79,549.81,10%,"35,182.34"
RET-1112,ORD-44,Quality Issue,2024-06-06,63,357.71,20%,"16,225.73"
RET-41,ORD-327,Late Delivery,2024-04-25,9,491.27,5%,"3,780.32"
RET-45,ORD-1957,Late Delivery,2024-09-18,88,435.90,5%,"32,797.12"
RET-47,ORD-1125,Damaged,2024-05-07,24,457.35,0%,"9,878.76"
RET-49,ORD-1458,Quality Issue,2024-06-21,69,398.48,10%,"22,271.05"
RET-981,ORD-60,Damaged,2024-05-01,76,542.67,0%,"37,118.63"
RET-53,ORD-2205,Wrong Item,2024-06-04,48,353.05,20%,"12,201.41"
RET-60,ORD-1259,Damaged,2024-09-02,39,112.37,15%,"3,352.56"
RET-65,ORD-1751,Late Delivery,2024-03-20,63,282.01,0%,"15,989.97"
RET-73,ORD-119,Late Delivery,2024-01-22,15,142.90,5%,"1,832.69"
RET-179,ORD-86,Wrong Item,2024-12-16,19,436.39,10%,"6,716.04"
RET-1135,ORD-90,Wrong Item,2024-08-07,34,97.29,5%,"2,828.22"
RET-82,ORD-816,Wrong Item,2024-04-18,3,428.73,20%,926.06
RET-1717,ORD-108,Damaged,2024-05-08,78,437.22,10%,"27,623.56"
RET-135,ORD-120,Wrong Item,2024-02-09,97,50.54,10%,"3,970.93"
RET-1155,ORD-127,Quality Issue,2024-07-18,42,182.63,15%,"5,867.90"
RET-124,ORD-534,Damaged,2024-01-27,18,17.64,15%,242.90
RET-133,ORD-1027,Wrong Item,2024-09-15,61,662.58,15%,"30,919.30"
RET-138,ORD-1015,Late Delivery,2024-12-29,70,143.80,10%,"8,153.46"
RET-683,ORD-163,Damaged,2024-06-25,50,281.11,10%,"11,384.96"
RET-1255,ORD-185,Quality Issue,2024-11-04,52,537.29,20%,"20,116.14"
RET-162,ORD-2220,Quality Issue,2024-03-31,58,194.03,20%,"8,102.69"
RET-167,ORD-231,Late Delivery,2024-04-19,37,258.47,15%,"7,315.99"
RET-173,ORD-1331,Late Delivery,2024-04-10,19,376.57,0%,"6,439.35"
RET-177,ORD-934,Wrong Item,2024-04-19,22,456.27,15%,"7,679.02"
RET-283,ORD-216,Quality Issue,2024-08-18,55,817.42,0%,"40,462.29"
RET-191,ORD-2598,Late Delivery,2024-04-13,50,177.51,10%,"7,189.16"
RET-1468,ORD-217,Late Delivery,2024-10-31,70,56.72,0%,"3,573.36"
RET-205,ORD-1917,Quality Issue,2024-06-10,36,296.95,10%,"8,659.06"
RET-206,ORD-975,Quality Issue,2024-03-28,25,542.67,0%,"12,210.08"
RET-955,ORD-239,Late Delivery,2024-09-08,97,99.78,0%,"8,710.79"
RET-1872,ORD-250,Damaged,2024-03-24,28,82.78,0%,"2,086.06"
RET-237,ORD-806,Damaged,2024-09-20,55,629.27,15%,"26,476.54"
RET-1217,ORD-274,Late Delivery,2024-12-31,49,210.47,15%,"7,889.47"
RET-250,ORD-1906,Late Delivery,2024-06-03,84,353.89,15%,"22,740.97"
RET-252,ORD-545,Quality Issue,2024-05-19,32,376.91,20%,"8,684.01"
RET-1790,ORD-292,Wrong Item,2024-12-27,64,329.92,15%,"16,152.88"
RET-257,ORD-848,Damaged,2024-08-24,66,470.22,20%,"22,344.85"
RET-920,ORD-294,Quality Issue,2024-04-06,37,238.61,10%,"7,151.14"
RET-854,ORD-300,Damaged,2024-03-11,76,446.96,5%,"29,043.46"
RET-1378,ORD-326,Wrong Item,2024-07-10,67,561.07,10%,"30,449.27"
RET-707,ORD-331,Late Delivery,2024-10-09,5,605.24,15%,"2,315.04"
RET-1458,ORD-343,Quality Issue,2024-08-12,69,580.94,5%,"34,272.56"
RET-1965,ORD-353,Wrong Item,2024-10-23,96,786.00,15%,"57,723.84"
RET-314,ORD-603,Quality Issue,2024-11-14,26,253.96,20%,"4,754.13"
RET-315,ORD-2690,Damaged,2024-11-22,81,297.18,10%,"19,497.98"
RET-1267,ORD-370,Damaged,2024-04-16,71,556.53,5%,"33,784.15"
RET-328,ORD-2318,Late Delivery,2024-05-05,37,590.99,15%,"16,727.97"
RET-329,ORD-2320,Wrong Item,2024-06-28,26,429.63,10%,"9,048.01"
RET-337,ORD-1789,Wrong Item,2024-03-30,27,118.45,5%,"2,734.42"
RET-340,ORD-461,Late Delivery,2024-05-03,38,253.96,20%,"6,948.35"
RET-1554,ORD-398,Wrong Item,2024-08-18,7,93.38,10%,529.46
RET-342,ORD-2488,Late Delivery,2024-04-14,78,520.71,5%,"34,726.15"
RET-1441,ORD-401,Damaged,2024-04-24,79,383.12,0%,"27,239.83"
RET-1448,ORD-414,Damaged,2024-03-13,28,570.31,15%,"12,216.04"
RET-371,ORD-2032,Damaged,2024-03-10,29,412.26,10%,"9,683.99"
RET-1230,ORD-440,Damaged,2024-06-22,53,150.62,5%,"6,825.35"
RET-383,ORD-2188,Late Delivery,2024-03-10,59,263.89,0%,"14,012.56"
RET-841,ORD-453,Damaged,2024-03-20,51,204.19,5%,"8,903.70"
RET-388,ORD-2662,Quality Issue,2024-11-28,17,601.03,10%,"8,276.18"
RET-828,ORD-456,Quality Issue,2024-12-31,38,365.25,0%,"12,491.55"
RET-395,ORD-1028,Quality Issue,2024-10-18,90,281.12,20%,"18,216.58"
RET-1173,ORD-465,Quality Issue,2024-04-13,95,646.69,15%,"46,998.20"
RET-405,ORD-557,Damaged,2024-10-02,92,38.55,15%,"2,713.15"
RET-1407,ORD-473,Late Delivery,2024-10-17,31,49.98,15%,"1,185.28"
RET-723,ORD-475,Wrong Item,2024-09-03,44,544.38,10%,"19,401.70"
RET-414,ORD-788,Late Delivery,2024-12-31,18,181.47,0%,"2,939.81"
RET-436,ORD-2420,Damaged,2024-12-06,45,124.91,5%,"4,805.91"
RET-438,ORD-2583,Late Delivery,2024-12-03,33,653.73,20%,"15,532.62"
RET-439,ORD-2237,Quality Issue,2024-02-27,33,81.04,10%,"2,166.20"
RET-1100,ORD-516,Late Delivery,2024-01-23,100,447.44,0%,"40,269.60"
RET-444,ORD-1761,Wrong Item,2024-02-15,69,94.82,0%,"5,888.32"
RET-445,ORD-537,Quality Issue,2024-03-19,66,824.90,15%,"41,649.20"
RET-857,ORD-532,Late Delivery,2024-08-13,15,166.97,20%,"1,803.28"
RET-469,ORD-1926,Quality Issue,2024-11-28,97,425.16,5%,"35,260.64"
RET-480,ORD-2197,Damaged,2024-12-31,47,275.49,0%,"11,653.23"
RET-1978,ORD-559,Quality Issue,2024-09-02,53,189.35,5%,"8,580.40"
RET-490,ORD-597,Late Delivery,2024-12-31,19,234.77,15%,"3,412.38"
RET-492,ORD-722,Quality Issue,2024-12-31,92,626.27,0%,"51,855.16"
RET-493,ORD-1763,Quality Issue,2024-08-07,14,690.42,5%,"8,264.33"
RET-503,ORD-1979,Damaged,2024-02-17,68,134.94,0%,"8,258.33"
RET-506,ORD-1329,Late Delivery,2024-04-12,16,97.29,15%,"1,190.83"
RET-508,ORD-757,Damaged,2024-04-25,35,142.90,0%,"4,501.35"
RET-1830,ORD-590,Quality Issue,2024-08-02,80,553.95,0%,"39,884.40"
RET-1807,ORD-591,Damaged,2024-12-31,91,42.02,20%,"2,753.15"
RET-518,ORD-1370,Late Delivery,2024-12-12,61,579.15,10%,"28,615.80"
RET-1010,ORD-598,Damaged,2024-09-29,9,544.76,0%,"4,412.56"
RET-523,ORD-1982,Quality Issue,2024-10-15,86,403.56,10%,"28,111.99"
RET-1431,ORD-618,Late Delivery,2024-09-12,3,364.95,15%,837.56
RET-527,ORD-2268,Wrong Item,2024-04-17,22,122.54,0%,"2,426.29"
RET-659,ORD-620,Late Delivery,2024-04-03,44,288.26,15%,"9,702.83"
RET-547,ORD-700,Damaged,2024-06-23,97,751.30,10%,"59,029.64"
RET-762,ORD-640,Wrong Item,2024-05-18,46,353.89,10%,"13,185.94"
RET-561,ORD-1715,Late Delivery,2024-04-12,48,549.81,15%,"20,189.02"
RET-1864,ORD-664,Damaged,2024-08-26,56,318.41,5%,"15,245.47"
RET-1776,ORD-665,Wrong Item,2024-10-21,76,640.42,20%,"35,043.78"
RET-574,ORD-2566,Damaged,2024-08-11,51,475.73,10%,"19,652.41"
RET-839,ORD-678,Late Delivery,2024-12-31,45,39.47,5%,"1,518.61"
RET-585,ORD-1398,Quality Issue,2024-02-21,72,85.91,20%,"4,453.57"
RET-610,ORD-1836,Damaged,2024-03-03,22,386.27,15%,"6,500.92"
RET-619,ORD-1933,Late Delivery,2024-06-04,26,181.47,15%,"3,609.44"
RET-662,ORD-721,Quality Issue,2024-03-19,47,239.63,5%,"9,629.53"
RET-624,ORD-2624,Late Delivery,2024-09-19,44,537.29,10%,"19,149.02"
RET-630,ORD-2423,Quality Issue,2024-03-31,75,648.52,20%,"35,020.08"
RET-1670,ORD-737,Wrong Item,2024-05-22,64,619.18,0%,"35,664.77"
RET-738,ORD-745,Wrong Item,2024-03-08,77,597.05,5%,"39,306.79"
RET-642,ORD-1210,Quality Issue,2024-07-11,1,294.04,15%,224.94
RET-645,ORD-2084,Late Delivery,2024-06-26,79,319.36,5%,"21,571.17"
RET-652,ORD-1191,Late Delivery,2024-12-31,85,574.94,15%,"37,385.47"
RET-656,ORD-1555,Late Delivery,2024-09-30,100,679.52,15%,"51,983.28"
RET-771,ORD-774,Damaged,2024-03-23,53,104.65,20%,"3,993.44"
RET-967,ORD-792,Wrong Item,2024-12-31,42,57.52,0%,"2,174.26"
RET-674,ORD-1907,Late Delivery,2024-04-29,44,554.17,15%,"18,653.36"
RET-910,ORD-798,Damaged,2024-01-31,76,40.36,10%,"2,484.56"
RET-721,ORD-804,Wrong Item,2024-07-18,75,152.82,10%,"9,283.82"
RET-685,ORD-1420,Wrong Item,2024-10-29,10,712.24,15%,"5,448.64"
RET-1082,ORD-811,Late Delivery,2024-02-07,82,493.01,10%,"32,745.72"
RET-717,ORD-1014,Late Delivery,2024-05-14,82,194.57,20%,"11,487.41"
RET-718,ORD-1352,Quality Issue,2024-04-17,6,595.63,15%,"2,733.94"
RET-1706,ORD-841,Quality Issue,2024-04-15,13,267.73,0%,"3,132.44"
RET-1697,ORD-852,Late Delivery,2024-03-26,77,81.36,5%,"5,356.34"
RET-1921,ORD-857,Quality Issue,2024-04-14,27,181.47,15%,"3,748.26"
RET-1216,ORD-860,Quality Issue,2024-05-08,76,542.67,20%,"29,694.90"
RET-1705,ORD-890,Quality Issue,2024-10-26,97,530.64,0%,"46,324.87"
RET-1386,ORD-904,Wrong Item,2024-01-19,42,484.16,15%,"15,556.06"
RET-774,ORD-2486,Late Delivery,2024-06-20,62,587.49,20%,"26,225.55"
RET-1073,ORD-917,Quality Issue,2024-05-26,41,595.98,5%,"20,892.08"
RET-784,ORD-2173,Late Delivery,2024-03-15,65,380.39,5%,"21,140.17"
RET-788,ORD-1969,Quality Issue,2024-05-16,10,339.51,10%,"2,750.03"
RET-793,ORD-2638,Damaged,2024-11-15,31,607.75,15%,"14,412.79"
RET-803,ORD-942,Damaged,2024-11-07,64,170.96,5%,"9,354.93"
RET-1309,ORD-936,Late Delivery,2024-12-31,48,291.80,10%,"11,345.18"
RET-1692,ORD-946,Quality Issue,2024-02-25,82,463.65,5%,"32,506.50"
RET-1700,ORD-949,Damaged,2024-12-31,37,210.47,15%,"5,957.35"
RET-1261,ORD-976,Late Delivery,2024-05-28,57,11.73,5%,571.66
RET-831,ORD-1585,Damaged,2024-05-18,89,112.37,5%,"8,550.80"
RET-1524,ORD-977,Wrong Item,2024-09-27,72,285.20,5%,"17,556.91"
RET-1531,ORD-992,Late Delivery,2024-06-03,68,174.34,20%,"8,535.69"
RET-1013,ORD-993,Damaged,2024-08-25,99,19.19,15%,"1,453.35"
RET-844,ORD-2409,Wrong Item,2024-11-25,41,872.87,15%,"27,377.57"
RET-848,ORD-1974,Damaged,2024-11-24,32,474.29,15%,"11,610.62"
RET-1152,ORD-1001,Late Delivery,2024-09-25,36,635.20,20%,"16,464.38"
RET-1457,ORD-1023,Wrong Item,2024-05-07,10,264.20,20%,"1,902.24"
RET-883,ORD-1062,Damaged,2024-04-04,11,601.32,10%,"5,357.76"
RET-1784,ORD-1041,Quality Issue,2024-07-14,44,342.70,10%,"12,213.83"
RET-892,ORD-1295,Damaged,2024-10-21,19,327.81,20%,"4,484.44"
RET-911,ORD-2507,Quality Issue,2024-04-05,8,467.04,15%,"2,858.28"
RET-1567,ORD-1061,Damaged,2024-02-01,15,691.86,0%,"9,340.11"
RET-919,ORD-1166,Damaged,2024-04-06,37,54.96,20%,"1,464.13"
RET-923,ORD-2272,Late Delivery,2024-06-05,100,160.93,0%,"14,483.70"
RET-927,ORD-2567,Quality Issue,2024-05-05,60,750.39,20%,"32,416.85"
RET-1068,ORD-1075,Damaged,2024-05-02,34,722.69,20%,"17,691.45"
RET-1345,ORD-1079,Damaged,2024-04-29,66,501.42,0%,"29,784.35"
RET-940,ORD-1795,Damaged,2024-12-31,57,503.04,5%,"24,515.65"
RET-1034,ORD-1092,Wrong Item,2024-10-20,25,131.87,5%,"2,818.72"
RET-944,ORD-2087,Damaged,2024-04-07,53,466.76,0%,"22,264.45"
RET-945,ORD-1922,Damaged,2024-05-21,2,160.93,5%,275.19
RET-951,ORD-2592,Late Delivery,2024-11-22,64,585.04,10%,"30,328.47"
RET-964,ORD-1444,Late Delivery,2024-10-17,54,859.61,10%,"37,599.34"
RET-1681,ORD-1120,Quality Issue,2024-06-02,86,307.25,5%,"22,592.09"
RET-966,ORD-1539,Quality Issue,2024-12-31,75,356.15,0%,"24,040.13"
RET-969,ORD-2047,Damaged,2024-02-27,35,133.78,0%,"4,214.07"
RET-986,ORD-1124,Wrong Item,2024-10-01,49,595.63,20%,"21,013.83"
RET-975,ORD-2271,Damaged,2024-08-04,48,477.62,10%,"18,569.87"
RET-1030,ORD-1446,Wrong Item,2024-08-31,43,487.51,10%,"16,979.97"
RET-1396,ORD-1194,Damaged,2024-12-31,88,489.08,0%,"38,735.14"
RET-1036,ORD-2233,Quality Issue,2024-05-16,2,387.04,5%,661.84
RET-1037,ORD-1914,Damaged,2024-11-01,83,517.35,10%,"34,781.44"
RET-1051,ORD-2183,Quality Issue,2024-07-28,51,85.55,5%,"3,730.41"
RET-1053,ORD-2334,Wrong Item,2024-11-14,27,519.11,10%,"11,352.94"
RET-1983,ORD-1229,Damaged,2024-12-26,72,41.45,15%,"2,283.07"
RET-1530,ORD-1236,Damaged,2024-12-31,53,49.53,15%,"2,008.19"
RET-1840,ORD-1246,Wrong Item,2024-11-19,19,501.45,5%,"8,146.06"
RET-1832,ORD-1248,Quality Issue,2024-11-25,96,253.82,0%,"21,930.05"
RET-1083,ORD-1844,Late Delivery,2024-05-29,14,264.20,10%,"2,996.03"
RET-1516,ORD-1251,Damaged,2024-11-14,11,81.21,20%,643.18
RET-1089,ORD-2031,Wrong Item,2024-12-10,84,348.84,0%,"26,372.30"
RET-1090,ORD-1607,Late Delivery,2024-08-24,39,611.10,5%,"20,377.13"
RET-1563,ORD-1258,Damaged,2024-11-05,70,155.60,20%,"7,842.24"
RET-1095,ORD-1750,Damaged,2024-04-08,22,817.42,20%,"12,947.93"
RET-1802,ORD-1266,Damaged,2024-08-11,67,119.68,10%,"6,495.03"
RET-1984,ORD-1273,Wrong Item,2024-07-08,24,330.18,15%,"6,062.10"
RET-1113,ORD-2478,Quality Issue,2024-03-11,72,189.35,0%,"12,269.88"
RET-1145,ORD-1288,Late Delivery,2024-10-03,86,445.78,0%,"34,503.37"
RET-1117,ORD-2447,Damaged,2024-09-08,29,373.88,20%,"7,806.61"
RET-1485,ORD-1313,Late Delivery,2024-11-30,3,175.91,20%,379.97
RET-1154,ORD-1902,Late Delivery,2024-08-12,3,25.58,0%,69.07
RET-1161,ORD-1816,Damaged,2024-09-01,75,388.13,0%,"26,198.78"
RET-1179,ORD-1867,Quality Issue,2024-04-16,86,53.25,5%,"3,915.47"
RET-1182,ORD-2596,Wrong Item,2024-04-10,12,198.79,0%,"2,146.93"
RET-1188,ORD-2295,Damaged,2024-06-04,57,532.22,15%,"23,207.45"
RET-1214,ORD-1381,Damaged,2024-06-16,86,388.55,5%,"28,570.08"
RET-1204,ORD-1989,Damaged,2024-04-17,40,107.78,5%,"3,686.08"
RET-1471,ORD-1414,Quality Issue,2024-08-28,83,332.17,0%,"24,813.10"
RET-1788,ORD-1422,Damaged,2024-06-29,89,587.49,20%,"37,646.36"
RET-1922,ORD-1432,Quality Issue,2024-06-25,63,546.76,5%,"29,451.23"
RET-1244,ORD-2483,Late Delivery,2024-08-09,75,340.79,5%,"21,853.16"
RET-1266,ORD-1810,Damaged,2024-08-03,48,193.09,15%,"7,090.26"
RET-1721,ORD-1488,Wrong Item,2024-02-24,92,57.82,0%,"4,787.50"
RET-1275,ORD-1769,Quality Issue,2024-02-28,83,316.15,20%,"18,893.12"
RET-1690,ORD-1499,Late Delivery,2024-06-12,20,134.49,20%,"1,936.66"
RET-1297,ORD-1574,Quality Issue,2024-07-24,64,629.27,20%,"28,996.76"
RET-1857,ORD-1540,Damaged,2024-07-04,79,43.26,10%,"2,768.21"
RET-1314,ORD-2463,Wrong Item,2024-07-11,75,301.25,0%,"20,334.38"
RET-1316,ORD-2195,Wrong Item,2024-12-31,64,299.74,10%,"15,538.52"
RET-1336,ORD-2571,Late Delivery,2024-10-10,93,501.42,15%,"35,673.53"
RET-1342,ORD-1831,Late Delivery,2024-08-09,33,143.21,15%,"3,615.34"
RET-1461,ORD-1575,Quality Issue,2024-12-31,53,457.35,5%,"20,724.82"
RET-1416,ORD-1578,Damaged,2024-01-30,24,725.88,15%,"13,327.16"
RET-1360,ORD-2462,Damaged,2024-02-29,47,442.45,0%,"18,715.64"
RET-1375,ORD-2079,Late Delivery,2024-02-17,73,457.35,5%,"28,545.50"
RET-1753,ORD-1633,Quality Issue,2024-06-26,96,119.68,10%,"9,306.32"
RET-1627,ORD-1637,Damaged,2024-08-23,9,246.78,0%,"1,998.92"
RET-1397,ORD-2375,Wrong Item,2024-06-11,98,257.37,5%,"21,565.03"
RET-1403,ORD-1686,Damaged,2024-01-29,96,722.69,10%,"56,196.37"
RET-1413,ORD-1864,Damaged,2024-06-03,100,592.29,5%,"50,640.80"
RET-1414,ORD-1776,Damaged,2024-12-31,85,566.47,5%,"41,168.21"
RET-1886,ORD-1684,Wrong Item,2024-11-22,95,775.36,5%,"62,978.62"
RET-1426,ORD-2394,Late Delivery,2024-10-10,50,368.65,20%,"13,271.40"
RET-1473,ORD-1849,Late Delivery,2024-05-17,51,240.12,15%,"9,368.28"
RET-1519,ORD-2145,Damaged,2024-05-30,52,726.30,20%,"27,192.67"
RET-1570,ORD-1856,Quality Issue,2024-11-03,67,67.76,20%,"3,268.74"
RET-1615,ORD-1859,Quality Issue,2024-04-05,12,358.39,0%,"3,870.61"
RET-1538,ORD-2441,Wrong Item,2024-07-17,55,642.40,0%,"31,798.80"
RET-1544,ORD-2498,Wrong Item,2024-12-04,40,39.47,0%,"1,420.92"
RET-1561,ORD-2068,Quality Issue,2024-12-05,29,559.70,10%,"13,147.35"
RET-1575,ORD-1908,Wrong Item,2024-07-01,6,447.52,5%,"2,295.78"
RET-1566,ORD-2259,Damaged,2024-05-12,70,544.54,5%,"32,590.72"
RET-1600,ORD-2091,Wrong Item,2024-04-04,15,625.33,5%,"8,019.86"
RET-1608,ORD-2182,Wrong Item,2024-09-06,19,458.58,5%,"7,449.63"
RET-1649,ORD-2011,Quality Issue,2024-06-19,38,122.08,10%,"3,757.62"
RET-1890,ORD-2048,Damaged,2024-04-21,11,751.60,5%,"7,068.80"
RET-1991,ORD-2055,Late Delivery,2024-07-12,46,26.62,0%,"1,102.07"
RET-1703,ORD-2097,Late Delivery,2024-11-10,21,285.20,20%,"4,312.22"
RET-1738,ORD-2117,Damaged,2024-11-15,81,103.64,10%,"6,799.82"
RET-1696,ORD-2687,Quality Issue,2024-05-30,55,203.43,5%,"9,566.30"
RET-1789,ORD-2224,Damaged,2024-06-14,93,153.41,5%,"12,198.40"
RET-1853,ORD-2238,Damaged,2024-01-20,11,83.48,10%,743.81
RET-1854,ORD-2631,Damaged,2024-05-30,47,478.49,5%,"19,228.12"
RET-823,ORD-2700,Quality Issue,2024-11-26,31,619.18,0%,"17,275.12"
RET-1679,ORD-2702,Quality Issue,2024-04-20,83,438.16,20%,"26,184.44"
RET-525,ORD-2703,Damaged,2024-10-14,19,601.32,15%,"8,740.19"
RET-227,ORD-2710,Late Delivery,2024-03-11,51,27.09,20%,994.74
RET-150,ORD-2712,Wrong Item,2024-10-28,62,664.69,15%,"31,526.25"
RET-1504,ORD-2718,Quality Issue,2024-11-03,20,258.47,15%,"3,954.59"
RET-612,ORD-2723,Late Delivery,2024-10-04,40,566.65,0%,"20,399.40"
RET-1591,ORD-2724,Damaged,2024-09-17,88,141.90,15%,"9,552.71"
RET-213,ORD-2731,Wrong Item,2024-07-12,77,332.17,5%,"21,868.41"
RET-1592,ORD-2733,Wrong Item,2024-12-30,79,349.03,10%,"22,334.43"
RET-741,ORD-2750,Quality Issue,2024-07-25,32,370.94,15%,"9,080.61"
RET-881,ORD-2759,Damaged,2024-05-13,37,358.18,15%,"10,138.28"
RET-807,ORD-2790,Late Delivery,2024-09-15,89,474.20,0%,"37,983.42"
RET-197,ORD-2792,Wrong Item,2024-12-31,46,646.65,5%,"25,432.74"
RET-913,ORD-2809,Quality Issue,2024-07-31,1,519.23,10%,420.58
RET-1029,ORD-2816,Quality Issue,2024-02-04,18,798.37,0%,"12,933.59"
RET-497,ORD-2819,Wrong Item,2024-12-31,22,722.69,0%,"14,309.26"
RET-1209,ORD-2824,Damaged,2024-04-06,66,203.81,5%,"11,501.00"
RET-1306,ORD-2854,Quality Issue,2024-12-29,65,458.95,10%,"24,163.72"
RET-996,ORD-2861,Wrong Item,2024-04-27,85,96.95,10%,"6,675.01"
RET-1052,ORD-2869,Damaged,2024-04-05,36,219.51,20%,"5,689.70"
RET-1678,ORD-2878,Wrong Item,2024-07-22,43,665.59,10%,"23,182.50"
RET-583,ORD-2881,Quality Issue,2024-04-29,91,156.81,15%,"10,916.33"
RET-673,ORD-2899,Quality Issue,2024-12-31,70,604.12,15%,"32,350.63"
RET-198,ORD-2914,Wrong Item,2024-07-19,35,592.05,0%,"18,649.58"
RET-957,ORD-2915,Late Delivery,2024-12-31,12,572.09,15%,"5,251.79"
RET-1463,ORD-2935,Damaged,2024-12-24,72,790.38,15%,"43,534.13"
RET-1502,ORD-2936,Quality Issue,2024-02-05,3,57.82,5%,148.31
RET-348,ORD-2948,Wrong Item,2024-02-26,37,293.26,15%,"8,300.72"
RET-1276,ORD-2955,Damaged,2024-11-20,26,162.72,20%,"3,046.12"
RET-1966,ORD-2960,Quality Issue,2024-10-31,28,16.50,20%,332.64
RET-1629,ORD-2972,Quality Issue,2024-08-07,51,278.07,15%,"10,848.90"
RET-850,ORD-2978,Quality Issue,2024-09-23,12,705.29,20%,"6,093.71"
RET-1032,ORD-3017,Late Delivery,2024-03-23,19,557.32,10%,"8,577.15"
RET-1562,ORD-3041,Wrong Item,2024-12-31,78,356.14,10%,"22,500.93"
RET-56,ORD-3047,Late Delivery,2024-05-12,38,270.29,5%,"8,781.72"
RET-1500,ORD-3048,Wrong Item,2024-03-08,83,37.82,0%,"2,825.15"
RET-688,ORD-3059,Quality Issue,2024-11-25,59,625.33,15%,"28,224.27"
RET-1974,ORD-3083,Quality Issue,2024-07-13,41,491.27,20%,"14,502.29"
RET-703,ORD-3094,Wrong Item,2024-05-15,13,42.87,5%,476.50
RET-1704,ORD-3097,Wrong Item,2024-12-31,82,694.01,20%,"40,974.35"
RET-1203,ORD-3112,Quality Issue,2024-09-13,27,137.37,0%,"3,338.09"
RET-763,ORD-3117,Quality Issue,2024-02-02,20,544.38,5%,"9,308.90"
RET-409,ORD-3118,Late Delivery,2024-07-07,93,798.37,10%,"60,141.21"
RET-434,ORD-3120,Damaged,2024-12-21,90,107.78,5%,"8,293.67"
RET-1532,ORD-3122,Late Delivery,2024-06-09,75,490.93,15%,"28,167.11"
RET-1620,ORD-3137,Wrong Item,2024-10-30,39,160.93,20%,"4,518.91"
RET-838,ORD-3150,Damaged,2024-07-06,95,823.25,15%,"59,829.69"
RET-1106,ORD-3151,Damaged,2024-03-13,30,217.09,15%,"4,982.22"
RET-543,ORD-3166,Quality Issue,2024-04-23,44,682.32,5%,"25,668.88"
RET-1757,ORD-3168,Damaged,2024-10-30,92,622.34,5%,"48,953.26"
RET-1335,ORD-3171,Damaged,2024-11-06,27,555.91,0%,"13,508.61"
RET-2000,ORD-3173,Wrong Item,2024-04-23,97,288.26,0%,"25,165.10"
RET-341,ORD-3187,Late Delivery,2024-03-31,88,263.89,0%,"20,900.09"
RET-1192,ORD-3191,Wrong Item,2024-06-06,9,374.55,5%,"2,882.16"
RET-531,ORD-3205,Late Delivery,2024-02-26,53,649.60,20%,"24,788.74"
RET-311,ORD-3247,Damaged,2024-12-31,41,86.16,0%,"3,179.30"
RET-1164,ORD-3266,Late Delivery,2024-05-25,84,92.08,20%,"5,569.00"
RET-369,ORD-3268,Quality Issue,2024-03-02,69,379.59,10%,"21,215.29"
RET-1091,ORD-3281,Quality Issue,2024-10-01,92,350.11,10%,"26,090.20"
RET-468,ORD-3289,Quality Issue,2024-02-27,45,725.88,20%,"23,518.51"
RET-1494,ORD-3293,Quality Issue,2024-11-16,4,552.95,0%,"1,990.62"
RET-1972,ORD-3303,Late Delivery,2024-12-24,16,265.42,20%,"3,057.64"
RET-1856,ORD-3335,Wrong Item,2024-08-28,13,300.95,15%,"2,992.95"
RET-1291,ORD-3336,Wrong Item,2024-10-24,95,514.80,15%,"37,413.09"
RET-9,ORD-3341,Damaged,2024-08-08,86,431.16,5%,"31,703.19"
RET-1761,ORD-3352,Quality Issue,2024-10-20,86,104.91,20%,"6,496.03"
RET-1953,ORD-3360,Quality Issue,2024-12-31,93,566.65,5%,"45,057.17"
RET-1493,ORD-3361,Damaged,2024-09-09,30,501.82,15%,"11,516.77"
RET-1149,ORD-3375,Quality Issue,2024-10-03,80,300.96,20%,"17,335.30"
RET-306,ORD-3388,Quality Issue,2024-10-14,22,258.47,15%,"4,350.05"
RET-104,ORD-3414,Wrong Item,2024-09-15,67,85.91,5%,"4,921.35"
RET-699,ORD-3423,Late Delivery,2024-09-09,23,594.76,15%,"10,464.80"
RET-346,ORD-3437,Wrong Item,2024-10-28,31,497.38,0%,"13,876.90"
RET-496,ORD-3449,Late Delivery,2024-05-13,69,656.54,15%,"34,655.46"
RET-698,ORD-3457,Late Delivery,2024-01-31,20,320.85,20%,"4,620.24"
RET-243,ORD-3459,Wrong Item,2024-03-21,20,203.81,10%,"3,301.72"
RET-1443,ORD-3467,Quality Issue,2024-12-09,59,502.72,0%,"26,694.43"
RET-922,ORD-3498,Quality Issue,2024-06-03,4,826.92,20%,"2,381.53"
RET-1782,ORD-3499,Quality Issue,2024-02-18,95,388.13,10%,"29,866.60"
RET-1092,ORD-3502,Late Delivery,2024-01-28,76,447.15,15%,"25,997.30"
RET-764,ORD-3513,Damaged,2024-12-07,4,85.55,0%,307.98
RET-361,ORD-3522,Late Delivery,2024-03-18,62,416.65,0%,"23,249.07"
RET-365,ORD-3523,Quality Issue,2024-06-24,46,436.39,20%,"14,453.24"
RET-739,ORD-3526,Quality Issue,2024-07-02,58,267.17,10%,"12,551.65"
RET-1264,ORD-3537,Damaged,2024-11-15,7,257.44,20%,"1,297.50"
RET-1994,ORD-3547,Quality Issue,2024-09-04,25,380.39,5%,"8,130.84"
RET-1483,ORD-3548,Quality Issue,2024-06-05,56,674.02,0%,"33,970.61"
RET-168,ORD-3565,Quality Issue,2024-08-21,23,43.05,0%,891.14
RET-1798,ORD-3568,Quality Issue,2024-12-05,28,437.70,0%,"11,030.04"
RET-1199,ORD-3573,Quality Issue,2024-11-19,29,779.29,0%,"20,339.47"
RET-344,ORD-3575,Wrong Item,2024-09-29,14,478.04,0%,"6,023.30"
RET-993,ORD-3576,Late Delivery,2024-06-13,49,719.52,15%,"26,971.21"
RET-387,ORD-3577,Late Delivery,2024-07-18,94,442.45,10%,"33,688.14"
RET-190,ORD-3584,Quality Issue,2024-06-07,11,435.90,15%,"3,668.10"
RET-1042,ORD-3585,Damaged,2024-11-26,83,239.63,15%,"15,215.31"
RET-281,ORD-3591,Late Delivery,2024-02-12,11,56.83,5%,534.49
RET-1654,ORD-3607,Damaged,2024-07-13,29,104.91,15%,"2,327.43"
RET-1442,ORD-3611,Quality Issue,2024-07-06,38,242.60,10%,"7,467.23"
RET-345,ORD-3658,Quality Issue,2024-08-20,35,319.36,0%,"10,059.84"
RET-555,ORD-3662,Damaged,2024-02-15,54,511.36,5%,"23,609.49"
RET-487,ORD-3663,Quality Issue,2024-12-08,1,575.67,10%,466.29
RET-413,ORD-3669,Wrong Item,2024-05-14,60,173.16,15%,"7,948.04"
RET-1767,ORD-3674,Quality Issue,2024-02-24,73,169.31,5%,"10,567.48"
RET-1086,ORD-3685,Damaged,2024-08-22,2,114.17,15%,174.68
RET-61,ORD-3687,Damaged,2024-04-28,3,352.00,20%,760.32
RET-1826,ORD-3698,Late Delivery,2024-02-19,78,41.22,15%,"2,459.60"
RET-761,ORD-3716,Late Delivery,2024-06-15,42,330.18,0%,"12,480.80"
RET-1581,ORD-3726,Late Delivery,2024-12-31,20,370.46,5%,"6,334.87"
RET-1548,ORD-3727,Wrong Item,2024-07-15,43,234.56,5%,"8,623.60"
RET-897,ORD-3732,Late Delivery,2024-11-17,77,89.24,10%,"5,565.90"
RET-1444,ORD-3735,Damaged,2024-10-04,9,690.03,15%,"4,750.86"
RET-1354,ORD-3740,Late Delivery,2024-12-31,54,446.96,5%,"20,636.14"
RET-28,ORD-3744,Quality Issue,2024-10-30,60,585.04,20%,"25,273.73"
RET-93,ORD-3755,Late Delivery,2024-09-09,29,249.07,15%,"5,525.62"
RET-1382,ORD-3765,Late Delivery,2024-07-12,43,375.39,0%,"14,527.59"
RET-1847,ORD-3773,Late Delivery,2024-12-10,96,587.49,20%,"40,607.31"
RET-336,ORD-3795,Late Delivery,2024-02-12,14,350.30,15%,"3,751.71"
RET-1384,ORD-3808,Damaged,2024-02-22,14,801.29,20%,"8,077.00"
RET-1263,ORD-3822,Damaged,2024-06-29,22,49.53,5%,931.66
RET-1611,ORD-3846,Damaged,2024-12-10,57,85.16,5%,"4,150.27"
RET-1076,ORD-3852,Quality Issue,2024-12-31,49,490.93,15%,"18,402.51"
RET-1210,ORD-3862,Late Delivery,2024-03-16,92,185.78,20%,"12,306.07"
RET-1439,ORD-3867,Late Delivery,2024-10-20,76,12.45,15%,723.84
RET-902,ORD-3876,Late Delivery,2024-10-24,13,734.10,10%,"7,730.07"
RET-758,ORD-3891,Damaged,2024-04-08,62,49.98,15%,"2,370.55"
RET-1404,ORD-3893,Late Delivery,2024-08-29,53,240.76,5%,"10,910.04"
RET-1174,ORD-3914,Damaged,2024-12-26,99,594.11,20%,"42,348.16"
RET-1176,ORD-3916,Late Delivery,2024-08-06,74,489.03,10%,"29,312.46"
RET-792,ORD-3932,Damaged,2024-05-03,27,210.47,0%,"5,114.42"
RET-1328,ORD-3943,Wrong Item,2024-08-31,91,751.30,20%,"49,225.18"
RET-1811,ORD-3946,Late Delivery,2024-12-31,59,456.27,5%,"23,016.54"
RET-1525,ORD-3949,Late Delivery,2024-08-08,98,236.93,5%,"19,852.36"
RET-1409,ORD-3969,Quality Issue,2024-12-31,47,235.66,15%,"8,473.16"
RET-68,ORD-3974,Wrong Item,2024-12-31,76,293.26,20%,"16,047.19"
RET-921,ORD-3986,Wrong Item,2024-03-28,84,385.14,5%,"27,660.75"
RET-406,ORD-4002,Quality Issue,2024-07-08,74,386.27,10%,"23,153.02"
RET-171,ORD-4016,Late Delivery,2024-08-30,55,702.17,0%,"34,757.42"
RET-1305,ORD-4020,Late Delivery,2024-05-20,87,181.57,5%,"13,506.08"
RET-1906,ORD-4036,Wrong Item,2024-07-29,63,203.43,0%,"11,534.48"
RET-1795,ORD-4038,Late Delivery,2024-02-07,53,329.92,0%,"15,737.18"
RET-1726,ORD-4039,Late Delivery,2024-02-29,84,178.83,0%,"13,519.55"
RET-1743,ORD-4040,Wrong Item,2024-07-18,34,194.24,0%,"5,943.74"
RET-1330,ORD-4053,Damaged,2024-06-20,93,741.84,5%,"58,987.41"
RET-1242,ORD-4063,Damaged,2024-06-04,51,185.78,5%,"8,100.94"
RET-193,ORD-4064,Late Delivery,2024-06-08,17,435.24,10%,"5,993.25"
RET-590,ORD-4066,Wrong Item,2024-10-09,34,653.50,5%,"18,997.25"
RET-500,ORD-4081,Quality Issue,2024-07-27,39,14.91,10%,471.01
RET-1408,ORD-4089,Wrong Item,2024-12-31,59,51.04,5%,"2,574.71"
RET-1446,ORD-4096,Late Delivery,2024-02-22,96,666.57,5%,"54,712.07"
RET-1919,ORD-4115,Quality Issue,2024-12-31,98,712.24,20%,"50,255.65"
RET-875,ORD-4124,Late Delivery,2024-08-10,23,746.09,15%,"13,127.45"
RET-1498,ORD-4125,Quality Issue,2024-12-16,88,380.78,0%,"30,157.78"
RET-417,ORD-4148,Late Delivery,2024-03-01,2,358.39,10%,580.59
RET-791,ORD-4150,Late Delivery,2024-12-01,43,183.65,20%,"5,685.80"
RET-956,ORD-4151,Quality Issue,2024-12-31,2,129.11,15%,197.54
RET-654,ORD-4156,Quality Issue,2024-01-25,35,249.07,10%,"7,061.13"
RET-681,ORD-4164,Late Delivery,2024-03-12,88,59.63,10%,"4,250.43"
RET-1213,ORD-4171,Damaged,2024-04-14,36,39.77,5%,"1,224.12"
RET-1596,ORD-4175,Late Delivery,2024-10-26,88,490.93,10%,"34,993.49"
RET-1455,ORD-4177,Late Delivery,2024-08-30,63,357.71,15%,"17,239.83"
RET-269,ORD-4193,Damaged,2024-12-17,41,584.52,20%,"17,255.03"
RET-1368,ORD-4197,Quality Issue,2024-06-07,65,167.95,10%,"8,842.57"
RET-990,ORD-4203,Wrong Item,2024-10-02,98,566.47,10%,"44,966.39"
RET-737,ORD-4205,Damaged,2024-12-31,90,679.52,10%,"49,537.01"
RET-367,ORD-4232,Wrong Item,2024-12-02,36,37.90,0%,"1,227.96"
RET-782,ORD-4239,Wrong Item,2024-04-05,85,184.56,10%,"12,706.96"
RET-223,ORD-4249,Late Delivery,2024-04-10,62,256.68,5%,"13,606.61"
RET-23,ORD-4261,Quality Issue,2024-09-13,41,282.67,5%,"9,909.00"
RET-1147,ORD-4268,Damaged,2024-10-07,68,728.14,20%,"35,649.73"
RET-1063,ORD-4269,Late Delivery,2024-11-06,64,388.13,5%,"21,238.47"
RET-302,ORD-4288,Wrong Item,2024-11-08,83,570.31,10%,"38,341.94"
RET-285,ORD-4335,Wrong Item,2024-02-04,95,234.56,10%,"18,049.39"
RET-1891,ORD-4338,Late Delivery,2024-07-24,48,259.45,15%,"9,527.00"
RET-1093,ORD-4340,Quality Issue,2024-09-03,78,367.50,5%,"24,508.58"
RET-870,ORD-4366,Damaged,2024-07-25,82,347.67,5%,"24,375.14"
RET-1982,ORD-4397,Wrong Item,2024-12-07,56,36.66,0%,"1,847.66"
RET-1841,ORD-4401,Wrong Item,2024-10-30,56,625.33,15%,"26,789.14"
RET-22,ORD-4420,Wrong Item,2024-05-28,27,40.36,10%,882.67
RET-961,ORD-4458,Late Delivery,2024-02-06,71,580.94,5%,"35,265.96"
RET-1884,ORD-4459,Damaged,2024-02-02,97,254.00,10%,"19,956.78"
RET-521,ORD-4462,Quality Issue,2024-12-04,77,583.29,10%,"36,379.80"
RET-126,ORD-4471,Quality Issue,2024-07-14,32,256.68,15%,"6,283.53"
RET-959,ORD-4479,Wrong Item,2024-12-31,45,602.62,10%,"21,965.50"
RET-1399,ORD-4491,Wrong Item,2024-12-01,45,237.59,15%,"8,179.04"
RET-898,ORD-4492,Damaged,2024-12-23,10,351.67,20%,"2,532.02"
RET-1476,ORD-4519,Damaged,2024-03-24,28,56.11,20%,"1,131.18"
RET-238,ORD-4531,Late Delivery,2024-06-11,49,712.24,15%,"26,698.32"
RET-871,ORD-4539,Damaged,2024-12-31,78,161.80,0%,"11,358.36"
RET-433,ORD-4546,Late Delivery,2024-01-31,83,261.46,0%,"19,531.06"
RET-814,ORD-4547,Damaged,2024-10-01,55,185.78,10%,"8,276.50"
RET-1835,ORD-4560,Damaged,2024-12-22,69,225.88,5%,"13,325.79"
RET-1056,ORD-4585,Wrong Item,2024-08-29,78,229.15,20%,"12,869.06"
RET-1322,ORD-4604,Wrong Item,2024-11-21,2,174.34,20%,251.05
RET-194,ORD-4605,Damaged,2024-05-09,35,142.04,0%,"4,474.26"
RET-26,ORD-4629,Wrong Item,2024-02-21,56,437.22,0%,"22,035.89"
RET-1590,ORD-4630,Damaged,2024-08-22,76,271.03,5%,"17,611.53"
RET-756,ORD-4634,Wrong Item,2024-05-15,97,446.96,10%,"35,117.65"
RET-1490,ORD-4640,Late Delivery,2024-09-01,58,431.16,20%,"18,005.24"
RET-1226,ORD-4642,Wrong Item,2024-12-16,59,370.46,10%,"17,704.28"
RET-916,ORD-4650,Late Delivery,2024-05-29,33,437.22,10%,"11,686.89"
RET-1594,ORD-4657,Quality Issue,2024-06-14,16,192.92,5%,"2,639.15"
RET-1475,ORD-4671,Quality Issue,2024-04-30,52,299.72,0%,"14,026.90"
RET-1312,ORD-4676,Wrong Item,2024-08-18,55,44.28,15%,"1,863.08"
RET-1981,ORD-4685,Damaged,2024-05-06,78,124.91,5%,"8,330.25"
RET-1716,ORD-4706,Late Delivery,2024-03-05,91,85.16,0%,"6,974.60"
RET-36,ORD-4707,Quality Issue,2024-05-16,33,111.54,0%,"3,312.74"
RET-13,ORD-4715,Wrong Item,2024-01-13,75,151.46,20%,"8,178.84"
RET-912,ORD-4723,Wrong Item,2024-08-20,15,100.66,10%,"1,223.02"
RET-247,ORD-4724,Late Delivery,2024-03-25,10,128.29,15%,981.42
RET-578,ORD-4732,Quality Issue,2024-10-26,49,136.19,20%,"4,804.78"
RET-1605,ORD-4765,Late Delivery,2024-05-02,6,203.81,5%,"1,045.55"
RET-1913,ORD-4774,Quality Issue,2024-08-24,41,490.93,0%,"18,115.32"
RET-1462,ORD-4782,Quality Issue,2024-12-31,63,719.95,5%,"38,780.11"
RET-1487,ORD-4785,Quality Issue,2024-11-07,31,563.69,5%,"14,940.60"
RET-1770,ORD-4797,Late Delivery,2024-01-30,61,410.28,0%,"22,524.37"
RET-515,ORD-4799,Quality Issue,2024-04-12,64,601.32,5%,"32,904.23"
RET-235,ORD-4811,Quality Issue,2024-04-04,38,499.21,10%,"15,365.68"
RET-343,ORD-4835,Quality Issue,2024-09-14,84,403.56,15%,"25,932.77"
RET-249,ORD-4863,Quality Issue,2024-01-12,53,175.01,10%,"7,513.18"
RET-1240,ORD-4865,Late Delivery,2024-05-17,15,161.80,10%,"1,965.87"
RET-111,ORD-4884,Damaged,2024-11-09,50,672.05,0%,"30,242.25"
RET-1794,ORD-4891,Quality Issue,2024-08-15,54,489.03,15%,"20,201.83"
RET-355,ORD-4892,Late Delivery,2024-11-06,73,740.96,20%,"38,944.86"
RET-1357,ORD-4897,Wrong Item,2024-05-28,90,522.24,5%,"40,186.37"
RET-59,ORD-4908,Damaged,2024-04-03,38,730.41,20%,"19,984.02"
RET-100,ORD-4926,Quality Issue,2024-10-23,9,148.15,15%,"1,020.01"
RET-1828,ORD-4942,Quality Issue,2024-06-13,29,710.40,15%,"15,760.22"
RET-1556,ORD-4945,Damaged,2024-10-18,31,165.75,10%,"4,161.98"
RET-1888,ORD-4951,Damaged,2024-09-10,10,240.12,15%,"1,836.92"
RET-1474,ORD-4968,Late Delivery,2024-07-03,46,688.20,15%,"24,217.76"
RET-1202,ORD-4969,Wrong Item,2024-12-28,45,854.81,5%,"32,888.81"
RET-422,ORD-4983,Late Delivery,2024-03-24,45,55.29,15%,"1,903.36"
RET-1319,ORD-4987,Wrong Item,2024-02-07,65,101.94,0%,"5,963.49"
RET-695,ORD-4994,Quality Issue,2024-11-13,48,200.33,20%,"6,923.40"
RET-1687,ORD-5009,Damaged,2024-11-17,86,430.68,15%,"28,334.44"
RET-1618,ORD-5027,Late Delivery,2024-01-26,32,374.03,0%,"10,772.06"
RET-1222,ORD-5030,Quality Issue,2024-03-23,15,180.53,15%,"2,071.58"
RET-1539,ORD-5035,Wrong Item,2024-02-25,70,40.36,5%,"2,415.55"
RET-773,ORD-5048,Wrong Item,2024-05-29,54,519.23,20%,"20,187.66"
RET-1040,ORD-5072,Wrong Item,2024-10-24,49,393.05,10%,"15,600.15"
RET-517,ORD-5074,Damaged,2024-12-11,72,514.80,5%,"31,691.09"
RET-627,ORD-5080,Quality Issue,2024-08-03,61,170.96,10%,"8,447.13"
RET-423,ORD-5085,Wrong Item,2024-12-31,69,539.20,15%,"28,461.67"
RET-1196,ORD-5089,Damaged,2024-02-29,32,149.77,0%,"4,313.38"
RET-1599,ORD-5102,Damaged,2024-09-30,67,440.59,20%,"21,254.06"
RET-1366,ORD-5108,Quality Issue,2024-10-18,88,350.11,0%,"27,728.71"
RET-146,ORD-5115,Quality Issue,2024-09-05,17,418.34,10%,"5,760.54"
RET-425,ORD-5128,Quality Issue,2024-06-18,95,12.45,15%,904.80
RET-201,ORD-5130,Quality Issue,2024-09-27,13,386.25,5%,"4,293.17"
RET-978,ORD-5138,Late Delivery,2024-09-24,12,190.26,10%,"1,849.33"
RET-1138,ORD-5143,Quality Issue,2024-04-12,79,36.66,10%,"2,345.87"
RET-832,ORD-5153,Late Delivery,2024-11-23,11,438.16,20%,"3,470.23"
RET-670,ORD-5157,Late Delivery,2024-11-25,56,545.90,5%,"26,137.69"
RET-1450,ORD-5162,Quality Issue,2024-07-08,38,153.36,20%,"4,195.93"
RET-112,ORD-5180,Quality Issue,2024-11-04,90,419.68,0%,"33,994.08"
RET-96,ORD-5181,Quality Issue,2024-01-23,71,156.60,15%,"8,505.73"
RET-852,ORD-5182,Quality Issue,2024-11-13,23,300.13,20%,"4,970.15"
RET-1129,ORD-5195,Wrong Item,2024-09-05,72,170.75,5%,"10,511.37"
RET-842,ORD-5203,Late Delivery,2024-04-06,7,210.47,15%,"1,127.07"
RET-1389,ORD-5219,Quality Issue,2024-12-20,69,646.65,20%,"32,125.57"
RET-1998,ORD-5232,Quality Issue,2024-12-31,15,595.96,0%,"8,045.46"
RET-189,ORD-5236,Late Delivery,2024-11-24,14,134.94,20%,"1,360.20"
RET-463,ORD-5241,Damaged,2024-08-03,30,555.06,15%,"12,738.63"
RET-1963,ORD-5247,Quality Issue,2024-06-24,97,365.60,10%,"28,725.19"
RET-1060,ORD-5259,Wrong Item,2024-07-20,47,234.34,0%,"9,912.58"
RET-1934,ORD-5263,Late Delivery,2024-11-20,54,39.94,15%,"1,649.92"
RET-1709,ORD-5266,Wrong Item,2024-08-30,43,352.00,20%,"10,897.92"
RET-481,ORD-5269,Late Delivery,2024-12-26,71,293.03,20%,"14,979.69"
RET-203,ORD-5270,Quality Issue,2024-05-25,70,440.41,0%,"27,745.83"
RET-1259,ORD-5274,Quality Issue,2024-06-03,42,417.74,10%,"14,211.51"
RET-1369,ORD-5283,Late Delivery,2024-08-04,52,283.44,5%,"12,601.74"
RET-239,ORD-5288,Wrong Item,2024-04-21,38,271.03,10%,"8,342.30"
RET-849,ORD-5305,Wrong Item,2024-05-31,16,206.09,15%,"2,522.54"
RET-621,ORD-5310,Quality Issue,2024-10-17,16,267.17,0%,"3,847.25"
RET-304,ORD-5328,Wrong Item,2024-09-16,40,198.54,0%,"7,147.44"
RET-132,ORD-5331,Late Delivery,2024-11-12,80,57.76,15%,"3,534.91"
RET-212,ORD-5334,Wrong Item,2024-08-14,97,178.61,0%,"15,592.65"
RET-31,ORD-5343,Late Delivery,2024-03-08,57,198.79,5%,"9,688.03"
RET-789,ORD-5362,Quality Issue,2024-12-22,60,484.93,5%,"24,876.91"
RET-499,ORD-5387,Late Delivery,2024-11-01,23,25.22,20%,417.64
RET-1815,ORD-5394,Late Delivery,2024-11-18,61,256.72,0%,"14,093.93"
RET-1970,ORD-5405,Quality Issue,2024-12-03,41,268.07,10%,"8,902.60"
RET-1070,ORD-5406,Damaged,2024-06-23,84,559.21,15%,"35,934.83"
RET-1094,ORD-5411,Quality Issue,2024-09-28,16,285.20,10%,"3,696.19"
RET-1277,ORD-5414,Late Delivery,2024-08-12,98,145.20,0%,"12,806.64"
RET-1391,ORD-5433,Quality Issue,2024-12-31,18,248.07,10%,"3,616.86"
RET-245,ORD-5437,Quality Issue,2024-07-24,70,495.58,0%,"31,221.54"
RET-1710,ORD-5479,Wrong Item,2024-05-21,52,162.72,5%,"7,234.53"
RET-1133,ORD-5483,Wrong Item,2024-12-31,9,664.69,0%,"5,383.99"
RET-1597,ORD-5513,Wrong Item,2024-05-07,59,190.26,10%,"9,092.53"
RET-1454,ORD-5530,Wrong Item,2024-06-11,24,825.79,20%,"14,269.65"
RET-1035,ORD-5541,Wrong Item,2024-06-09,59,465.09,15%,"20,991.84"
RET-822,ORD-5542,Wrong Item,2024-10-15,65,395.83,5%,"21,998.25"
RET-1995,ORD-5549,Damaged,2024-11-21,63,544.38,15%,"26,236.39"
RET-1197,ORD-5557,Late Delivery,2024-09-15,26,216.26,15%,"4,301.41"
RET-720,ORD-5558,Quality Issue,2024-09-05,77,237.59,15%,"13,995.24"
RET-522,ORD-5565,Quality Issue,2024-11-02,84,438.16,20%,"26,499.92"
RET-1950,ORD-5570,Quality Issue,2024-06-26,5,282.01,20%,"1,015.24"
RET-1749,ORD-5573,Late Delivery,2024-05-03,90,351.67,20%,"22,788.22"
RET-963,ORD-5576,Wrong Item,2024-08-12,51,572.09,0%,"26,258.93"
RET-1545,ORD-5592,Quality Issue,2024-02-01,88,288.32,0%,"22,834.94"
RET-1317,ORD-5606,Damaged,2024-02-02,55,321.15,0%,"15,896.93"
RET-1758,ORD-5609,Wrong Item,2024-07-12,7,728.14,15%,"3,899.19"
RET-1351,ORD-5611,Wrong Item,2024-10-02,9,690.42,20%,"4,473.92"
RET-1318,ORD-5623,Damaged,2024-06-06,10,177.51,5%,"1,517.71"
RET-1139,ORD-5631,Damaged,2024-04-12,23,428.73,15%,"7,543.50"
RET-1004,ORD-5639,Late Delivery,2024-11-13,7,398.48,10%,"2,259.38"
RET-602,ORD-5645,Late Delivery,2024-11-17,20,553.95,0%,"9,971.10"
RET-165,ORD-5652,Quality Issue,2024-07-08,8,513.12,10%,"3,325.02"
RET-1659,ORD-5656,Damaged,2024-10-23,57,60.62,10%,"2,798.83"
RET-363,ORD-5665,Quality Issue,2024-05-14,34,719.95,10%,"19,827.42"
RET-786,ORD-5669,Late Delivery,2024-09-19,3,653.50,10%,"1,588.01"
RET-512,ORD-5684,Wrong Item,2024-12-30,26,562.53,5%,"12,505.04"
RET-1289,ORD-5738,Damaged,2024-08-17,1,183.65,15%,140.49
RET-874,ORD-5753,Quality Issue,2024-07-13,83,51.26,15%,"3,254.75"
RET-1296,ORD-5775,Wrong Item,2024-09-16,64,424.71,10%,"22,016.97"
RET-865,ORD-5789,Quality Issue,2024-12-31,19,751.60,20%,"10,281.89"
RET-1251,ORD-5790,Wrong Item,2024-08-29,36,394.76,0%,"12,790.22"
RET-513,ORD-5798,Damaged,2024-04-21,71,185.65,20%,"9,490.43"
RET-880,ORD-5808,Wrong Item,2024-03-01,60,490.93,0%,"26,510.22"
RET-87,ORD-5816,Late Delivery,2024-01-30,52,112.45,5%,"4,999.53"
RET-643,ORD-5833,Quality Issue,2024-09-22,13,155.60,20%,"1,456.42"
RET-208,ORD-5845,Quality Issue,2024-02-12,83,774.78,10%,"52,088.46"
RET-1290,ORD-5862,Quality Issue,2024-10-27,90,865.47,0%,"70,103.07"
RET-1440,ORD-5863,Quality Issue,2024-02-20,62,91.98,10%,"4,619.24"
RET-783,ORD-5864,Quality Issue,2024-08-18,30,219.51,0%,"5,926.77"
RET-714,ORD-5867,Wrong Item,2024-12-20,82,398.48,15%,"24,996.65"
RET-1140,ORD-5888,Late Delivery,2024-04-06,99,383.12,20%,"27,308.79"
RET-310,ORD-5896,Quality Issue,2024-08-18,14,462.97,0%,"5,833.42"
RET-943,ORD-5900,Late Delivery,2024-11-13,69,517.35,20%,"25,701.95"
RET-1876,ORD-5906,Wrong Item,2024-11-19,35,371.10,10%,"10,520.69"
RET-123,ORD-5916,Late Delivery,2024-06-04,17,56.72,0%,867.82
RET-915,ORD-5917,Damaged,2024-02-22,29,257.44,15%,"5,711.31"
RET-748,ORD-5931,Damaged,2024-05-10,34,236.93,0%,"7,250.06"
RET-37,ORD-5989,Late Delivery,2024-10-07,50,544.38,10%,"22,047.39"
RET-349,ORD-5996,Wrong Item,2024-03-26,1,154.16,10%,124.87
RET-381,ORD-6001,Damaged,2024-07-08,29,401.62,5%,"9,958.17"
RET-291,ORD-6014,Late Delivery,2024-10-02,84,36.59,20%,"2,212.96"
RET-1718,ORD-6040,Quality Issue,2024-04-03,41,736.44,20%,"21,739.71"
RET-1843,ORD-6056,Quality Issue,2024-05-21,39,532.22,10%,"16,812.83"
RET-332,ORD-6058,Late Delivery,2024-07-21,85,650.49,0%,"49,762.49"
RET-1754,ORD-6069,Wrong Item,2024-05-25,64,549.81,15%,"26,918.70"
RET-879,ORD-6083,Late Delivery,2024-05-12,20,715.75,20%,"10,306.80"
RET-1641,ORD-6094,Late Delivery,2024-06-15,1,173.13,20%,124.65
RET-1183,ORD-6101,Late Delivery,2024-07-04,65,240.76,15%,"11,971.79"
RET-970,ORD-6124,Damaged,2024-07-24,50,587.49,5%,"25,115.20"
RET-933,ORD-6126,Late Delivery,2024-10-29,92,225.88,5%,"17,767.72"
RET-43,ORD-6132,Late Delivery,2024-09-12,45,16.50,15%,568.01
RET-137,ORD-6134,Wrong Item,2024-07-22,5,503.04,10%,"2,037.31"
RET-568,ORD-6141,Damaged,2024-04-02,15,210.59,10%,"2,558.67"
RET-1435,ORD-6147,Damaged,2024-04-28,36,689.64,20%,"17,875.47"
RET-1028,ORD-6152,Damaged,2024-05-24,42,236.93,5%,"8,508.16"
RET-297,ORD-6166,Wrong Item,2024-07-19,42,334.27,20%,"10,108.32"
RET-1560,ORD-6167,Damaged,2024-10-15,26,570.31,0%,"13,345.25"
RET-1350,ORD-6171,Late Delivery,2024-06-17,48,61.10,15%,"2,243.59"
RET-1617,ORD-6176,Damaged,2024-07-27,71,281.12,10%,"16,167.21"
RET-1902,ORD-6182,Damaged,2024-05-10,34,36.87,15%,958.99
RET-1478,ORD-6183,Late Delivery,2024-03-07,27,266.48,15%,"5,504.14"
RET-1553,ORD-6186,Damaged,2024-03-18,41,185.78,5%,"6,512.52"
RET-1410,ORD-6209,Wrong Item,2024-07-11,43,626.12,20%,"19,384.68"
RET-1262,ORD-6221,Damaged,2024-11-03,56,18.75,15%,803.25
RET-1903,ORD-6224,Damaged,2024-09-24,64,300.96,15%,"14,735.00"
RET-1565,ORD-6240,Damaged,2024-09-18,10,694.01,5%,"5,933.79"
RET-48,ORD-6249,Damaged,2024-12-31,17,26.62,10%,366.56
RET-1948,ORD-6262,Wrong Item,2024-08-08,39,320.85,15%,"9,572.56"
RET-429,ORD-6267,Quality Issue,2024-06-18,87,543.27,0%,"42,538.04"
RET-1512,ORD-6278,Damaged,2024-08-03,28,113.26,5%,"2,711.44"
RET-889,ORD-6290,Damaged,2024-04-28,47,59.63,5%,"2,396.23"
RET-992,ORD-6291,Late Delivery,2024-07-24,42,798.91,0%,"30,198.80"
RET-1912,ORD-6293,Wrong Item,2024-03-29,75,173.16,15%,"9,935.06"
RET-1533,ORD-6299,Late Delivery,2024-02-16,32,251.27,0%,"7,236.58"
RET-333,ORD-6317,Late Delivery,2024-12-09,71,239.63,5%,"14,546.74"
RET-1172,ORD-6319,Wrong Item,2024-06-29,31,71.55,0%,"1,996.25"
RET-1002,ORD-6336,Late Delivery,2024-06-30,42,258.47,15%,"8,304.64"
RET-17,ORD-6338,Quality Issue,2024-07-16,33,256.72,5%,"7,243.35"
RET-1015,ORD-6356,Damaged,2024-07-07,19,216.26,5%,"3,513.14"
RET-1674,ORD-6362,Wrong Item,2024-10-04,64,16.50,20%,760.32
RET-1693,ORD-6364,Quality Issue,2024-01-19,91,235.66,10%,"17,370.50"
RET-1425,ORD-6372,Damaged,2024-03-24,73,386.27,15%,"21,571.25"
RET-1452,ORD-6394,Late Delivery,2024-07-11,32,594.11,15%,"14,543.81"
RET-140,ORD-6412,Late Delivery,2024-12-09,99,607.75,5%,"51,443.00"
RET-78,ORD-6420,Damaged,2024-07-25,98,322.08,0%,"28,407.46"
RET-954,ORD-6422,Quality Issue,2024-10-22,57,112.57,20%,"4,619.87"
RET-1559,ORD-6423,Quality Issue,2024-12-12,3,343.04,10%,833.59
RET-1685,ORD-6428,Damaged,2024-11-04,81,284.33,5%,"19,691.27"
RET-1513,ORD-6433,Late Delivery,2024-06-18,86,37.82,0%,"2,927.27"
RET-1282,ORD-6434,Late Delivery,2024-06-07,48,514.11,5%,"21,099.07"
RET-479,ORD-6451,Wrong Item,2024-07-17,2,184.47,15%,282.24
RET-1609,ORD-6460,Wrong Item,2024-07-02,34,601.32,0%,"18,400.39"
RET-44,ORD-6495,Damaged,2024-12-27,56,25.01,15%,"1,071.43"
RET-295,ORD-6504,Quality Issue,2024-05-13,2,143.21,10%,232.00
RET-632,ORD-6511,Late Delivery,2024-02-22,51,353.05,20%,"12,964.00"
RET-282,ORD-6551,Damaged,2024-04-09,17,81.87,20%,"1,002.09"
RET-840,ORD-6569,Wrong Item,2024-12-05,16,398.48,15%,"4,877.40"
RET-1427,ORD-6591,Damaged,2024-09-09,54,530.92,10%,"23,222.44"
RET-816,ORD-6617,Wrong Item,2024-12-01,33,485.94,5%,"13,710.80"
RET-1676,ORD-6629,Late Delivery,2024-10-24,45,702.17,0%,"28,437.89"
RET-1104,ORD-6649,Wrong Item,2024-04-28,25,56.83,10%,"1,150.81"
RET-563,ORD-6650,Wrong Item,2024-07-15,10,114.15,0%,"1,027.35"
RET-1702,ORD-6656,Quality Issue,2024-07-07,4,781.47,10%,"2,531.96"
RET-251,ORD-6665,Damaged,2024-02-27,16,184.90,5%,"2,529.43"
RET-1917,ORD-6685,Quality Issue,2024-11-21,88,600.45,5%,"45,177.86"
RET-1327,ORD-6728,Quality Issue,2024-12-22,8,152.82,20%,880.24
RET-930,ORD-6737,Late Delivery,2024-04-01,57,394.84,15%,"17,217.00"
RET-1625,ORD-6742,Quality Issue,2024-10-09,8,823.25,5%,"5,631.03"
RET-1586,ORD-6765,Late Delivery,2024-03-27,74,46.30,5%,"2,929.40"
RET-633,ORD-6769,Late Delivery,2024-09-28,62,267.73,20%,"11,951.47"
RET-228,ORD-6776,Late Delivery,2024-11-26,57,570.31,15%,"24,868.37"
RET-1947,ORD-6781,Wrong Item,2024-04-10,77,16.50,20%,914.76
RET-103,ORD-6791,Wrong Item,2024-12-31,95,696.80,10%,"53,618.76"
RET-532,ORD-6801,Late Delivery,2024-05-27,14,477.62,5%,"5,717.11"
RET-1541,ORD-6825,Late Delivery,2024-08-30,7,445.78,0%,"2,808.41"
RET-1460,ORD-6850,Wrong Item,2024-03-09,95,330.18,0%,"28,230.39"
RET-34,ORD-6865,Quality Issue,2024-05-17,75,81.21,5%,"5,207.59"
RET-1729,ORD-6892,Late Delivery,2024-09-06,38,410.74,5%,"13,344.94"
RET-1162,ORD-6910,Late Delivery,2024-09-15,30,394.84,10%,"9,594.61"
RET-58,ORD-6913,Quality Issue,2024-11-07,13,174.26,10%,"1,834.96"
RET-1744,ORD-6918,Quality Issue,2024-06-24,49,306.19,5%,"12,827.83"
RET-989,ORD-6925,Late Delivery,2024-03-24,52,509.18,0%,"23,829.62"
RET-1936,ORD-6928,Wrong Item,2024-03-30,44,57.82,5%,"2,175.19"
RET-357,ORD-6950,Quality Issue,2024-06-27,87,691.86,5%,"51,464.01"
RET-1558,ORD-6954,Damaged,2024-12-18,45,129.11,5%,"4,967.51"
RET-1911,ORD-6962,Damaged,2024-02-09,20,388.55,5%,"6,644.21"
RET-102,ORD-6978,Late Delivery,2024-04-21,3,773.12,10%,"1,878.68"
RET-451,ORD-6981,Wrong Item,2024-01-19,43,781.90,0%,"30,259.53"
RET-1969,ORD-6989,Quality Issue,2024-02-16,18,134.94,0%,"2,186.03"
RET-1159,ORD-6991,Quality Issue,2024-12-18,99,602.62,0%,"53,693.44"
RET-260,ORD-6995,Late Delivery,2024-04-22,43,265.42,0%,"10,271.75"
RET-1392,ORD-7014,Quality Issue,2024-12-31,62,738.09,5%,"39,126.15"
RET-1271,ORD-7037,Damaged,2024-09-04,49,584.51,10%,"23,199.20"
RET-1110,ORD-7044,Damaged,2024-02-12,27,603.55,0%,"14,666.27"
RET-1871,ORD-7048,Quality Issue,2024-12-22,86,526.60,5%,"38,720.90"
RET-1235,ORD-7055,Late Delivery,2024-02-08,72,509.18,0%,"32,994.86"
RET-567,ORD-7061,Quality Issue,2024-10-25,73,530.92,15%,"29,649.23"
RET-896,ORD-7067,Damaged,2024-02-29,6,380.39,5%,"1,951.40"
RET-894,ORD-7073,Quality Issue,2024-12-31,91,653.73,20%,"42,832.39"
RET-611,ORD-7078,Damaged,2024-09-08,14,424.64,15%,"4,547.89"
RET-626,ORD-7080,Late Delivery,2024-07-13,52,32.33,20%,"1,210.44"
RET-1012,ORD-7084,Late Delivery,2024-11-15,42,253.82,15%,"8,155.24"
RET-1779,ORD-7085,Quality Issue,2024-02-07,57,530.85,0%,"27,232.61"
RET-1257,ORD-7090,Quality Issue,2024-08-03,62,262.95,15%,"12,471.72"
RET-275,ORD-7095,Late Delivery,2024-10-05,14,43.91,5%,525.60
RET-1144,ORD-7100,Quality Issue,2024-02-07,22,107.78,5%,"2,027.34"
RET-1823,ORD-7139,Wrong Item,2024-06-11,31,180.53,15%,"4,281.27"
RET-411,ORD-7145,Damaged,2024-05-05,3,667.60,0%,"1,802.52"
RET-1571,ORD-7151,Quality Issue,2024-02-11,54,583.29,5%,"26,930.50"
RET-752,ORD-7163,Late Delivery,2024-11-17,76,760.21,20%,"41,598.69"
RET-113,ORD-7172,Wrong Item,2024-03-01,23,553.95,0%,"11,466.77"
RET-882,ORD-7198,Wrong Item,2024-12-28,62,431.80,20%,"19,275.55"
RET-1402,ORD-7203,Quality Issue,2024-12-06,80,335.43,5%,"22,943.41"
RET-1272,ORD-7211,Wrong Item,2024-08-10,27,174.26,5%,"4,022.79"
RET-255,ORD-7212,Wrong Item,2024-12-03,68,579.15,20%,"28,355.18"
RET-949,ORD-7217,Quality Issue,2024-02-26,93,53.57,15%,"3,811.24"
RET-576,ORD-7231,Late Delivery,2024-06-19,5,116.76,10%,472.88
RET-1302,ORD-7253,Wrong Item,2024-06-09,65,309.94,0%,"18,131.49"
RET-39,ORD-7256,Late Delivery,2024-12-31,66,437.70,15%,"22,099.47"
RET-1098,ORD-7260,Late Delivery,2024-12-09,2,424.64,0%,764.35
RET-628,ORD-7269,Damaged,2024-08-29,40,32.33,5%,"1,105.69"
RET-722,ORD-7279,Late Delivery,2024-05-31,14,260.94,10%,"2,959.06"
RET-1844,ORD-7280,Wrong Item,2024-04-02,93,681.58,15%,"48,491.01"
RET-1096,ORD-7291,Late Delivery,2024-09-08,77,137.70,10%,"8,588.35"
RET-663,ORD-7293,Quality Issue,2024-10-22,2,648.52,15%,992.24
RET-1346,ORD-7294,Wrong Item,2024-11-02,25,338.50,0%,"7,616.25"
RET-1555,ORD-7324,Late Delivery,2024-02-29,27,388.55,5%,"8,969.68"
RET-1043,ORD-7336,Wrong Item,2024-02-02,22,419.68,5%,"7,894.18"
RET-537,ORD-7363,Wrong Item,2024-07-08,35,229.15,0%,"7,218.23"
RET-704,ORD-7405,Wrong Item,2024-11-30,91,182.63,10%,"13,461.66"
RET-856,ORD-7411,Wrong Item,2024-11-05,50,519.71,5%,"22,217.60"
RET-122,ORD-7415,Quality Issue,2024-06-08,95,234.34,15%,"17,030.66"
RET-1809,ORD-7418,Wrong Item,2024-09-06,8,547.16,15%,"3,348.62"
RET-895,ORD-7444,Wrong Item,2024-11-09,65,306.19,10%,"16,120.90"
RET-419,ORD-7491,Quality Issue,2024-07-02,2,133.28,10%,215.91
RET-715,ORD-7500,Damaged,2024-10-26,72,608.18,5%,"37,439.56"
RET-62,ORD-7522,Wrong Item,2024-08-29,72,350.30,5%,"21,564.47"
RET-1800,ORD-7544,Wrong Item,2024-03-01,85,442.32,20%,"27,069.98"
RET-1254,ORD-7549,Wrong Item,2024-01-26,53,63.11,10%,"2,709.31"
RET-359,ORD-7560,Quality Issue,2024-10-06,47,258.36,15%,"9,289.33"
RET-1509,ORD-7602,Late Delivery,2024-11-25,1,431.80,0%,388.62
RET-1881,ORD-7609,Wrong Item,2024-06-11,7,715.75,15%,"3,832.84"
RET-352,ORD-7612,Wrong Item,2024-03-19,73,392.28,15%,"21,906.88"
RET-1247,ORD-7616,Quality Issue,2024-11-27,44,129.67,20%,"4,107.95"
RET-1219,ORD-7625,Damaged,2024-07-09,55,379.59,15%,"15,971.25"
RET-552,ORD-7628,Quality Issue,2024-10-27,16,142.90,10%,"1,851.98"
RET-288,ORD-7647,Damaged,2024-11-10,13,178.61,0%,"2,089.74"
RET-1456,ORD-7652,Damaged,2024-11-19,63,156.81,10%,"8,002.01"
RET-1207,ORD-7679,Late Delivery,2024-06-11,30,415.70,10%,"10,101.51"
RET-408,ORD-7682,Damaged,2024-02-12,20,503.04,10%,"8,149.25"
RET-1078,ORD-7693,Quality Issue,2024-08-29,10,234.77,15%,"1,795.99"
RET-1915,ORD-7696,Damaged,2024-12-31,100,415.70,15%,"31,801.05"
RET-280,ORD-7721,Late Delivery,2024-11-30,50,425.16,10%,"17,218.98"
RET-1569,ORD-7726,Quality Issue,2024-12-11,53,217.20,0%,"10,360.44"
RET-603,ORD-7736,Wrong Item,2024-07-15,15,370.46,10%,"4,501.09"
RET-370,ORD-7743,Wrong Item,2024-12-31,22,311.21,5%,"5,853.86"
RET-1062,ORD-7746,Wrong Item,2024-10-17,26,445.02,20%,"8,330.77"
RET-616,ORD-7754,Wrong Item,2024-03-25,18,796.39,10%,"11,611.37"
RET-466,ORD-7761,Wrong Item,2024-03-25,2,155.20,10%,251.42
RET-149,ORD-7762,Late Delivery,2024-10-28,65,295.55,20%,"13,831.74"
RET-641,ORD-7763,Late Delivery,2024-10-03,7,57.18,0%,360.23
RET-320,ORD-7771,Late Delivery,2024-03-22,96,175.91,10%,"13,678.76"
RET-1848,ORD-7772,Damaged,2024-11-03,57,56.83,15%,"2,478.07"
RET-936,ORD-7799,Quality Issue,2024-12-01,13,359.49,0%,"4,206.03"
RET-859,ORD-7822,Late Delivery,2024-07-10,26,516.59,15%,"10,274.98"
RET-1377,ORD-7828,Late Delivery,2024-04-08,25,394.76,15%,"7,549.79"
RET-1367,ORD-7833,Quality Issue,2024-08-16,55,94.82,5%,"4,458.91"
RET-1521,ORD-7839,Damaged,2024-07-01,22,467.04,20%,"7,397.91"
RET-1671,ORD-7877,Wrong Item,2024-09-27,48,170.96,20%,"5,908.38"
RET-316,ORD-7897,Late Delivery,2024-04-06,4,665.59,10%,"2,156.51"
RET-942,ORD-7898,Wrong Item,2024-10-11,5,549.81,0%,"2,474.15"
RET-1971,ORD-7902,Quality Issue,2024-06-22,42,112.45,5%,"4,038.08"
RET-1338,ORD-7930,Wrong Item,2024-08-16,28,350.30,10%,"7,944.80"
RET-92,ORD-7931,Damaged,2024-09-19,44,674.02,0%,"26,691.19"
RET-712,ORD-7938,Quality Issue,2024-02-15,69,595.63,5%,"35,139.19"
RET-597,ORD-7957,Wrong Item,2024-05-05,92,114.89,5%,"9,037.25"
RET-1232,ORD-7958,Quality Issue,2024-07-20,2,645.43,5%,"1,103.69"
RET-14,ORD-7963,Quality Issue,2024-04-12,16,146.87,5%,"2,009.18"
RET-1228,ORD-7971,Late Delivery,2024-10-09,52,702.65,15%,"27,951.42"
RET-1736,ORD-7972,Wrong Item,2024-10-01,13,269.38,0%,"3,151.75"
RET-781,ORD-7973,Damaged,2024-02-21,60,837.24,15%,"38,429.32"
RET-1999,ORD-7975,Wrong Item,2024-02-03,38,499.21,10%,"15,365.68"
RET-708,ORD-7998,Quality Issue,2024-07-30,27,315.04,0%,"7,655.47"
RET-885,ORD-8001,Damaged,2024-06-28,10,170.75,15%,"1,306.24"
RET-507,ORD-8010,Wrong Item,2024-06-27,8,44.28,0%,318.82
RET-265,ORD-8012,Quality Issue,2024-12-31,7,26.62,0%,167.71
RET-1550,ORD-8025,Damaged,2024-03-27,30,19.38,20%,418.61
RET-437,ORD-8032,Late Delivery,2024-09-24,59,327.81,20%,"13,925.37"
RET-378,ORD-8038,Quality Issue,2024-08-12,42,411.02,20%,"12,429.24"
RET-376,ORD-8042,Damaged,2024-12-31,82,142.90,5%,"10,018.72"
RET-1507,ORD-8046,Wrong Item,2024-12-31,35,487.24,5%,"14,580.66"
RET-1529,ORD-8047,Quality Issue,2024-10-28,41,482.63,5%,"16,918.59"
RET-1495,ORD-8058,Damaged,2024-10-18,10,595.63,5%,"5,092.64"
RET-661,ORD-8060,Late Delivery,2024-10-07,59,516.59,15%,"23,316.29"
RET-86,ORD-8083,Quality Issue,2024-12-15,92,590.99,20%,"39,147.18"
RET-1025,ORD-8104,Wrong Item,2024-06-26,43,118.45,5%,"4,354.81"
RET-1118,ORD-8108,Wrong Item,2024-07-23,28,81.04,10%,"1,837.99"
RET-1646,ORD-8117,Damaged,2024-02-03,71,447.28,15%,"24,294.01"
RET-447,ORD-8118,Quality Issue,2024-05-19,39,103.64,15%,"3,092.10"
RET-733,ORD-8129,Quality Issue,2024-04-28,97,839.80,0%,"73,314.54"
RET-204,ORD-8141,Damaged,2024-10-21,88,65.57,5%,"4,933.49"
RET-264,ORD-8145,Late Delivery,2024-09-09,30,650.77,5%,"16,692.25"
RET-1201,ORD-8150,Quality Issue,2024-08-15,35,520.55,20%,"13,117.86"
RET-1722,ORD-8154,Wrong Item,2024-12-31,76,341.37,10%,"21,014.74"
RET-1511,ORD-8155,Wrong Item,2024-02-20,91,79.48,15%,"5,533.00"
RET-1177,ORD-8157,Late Delivery,2024-10-31,38,249.33,20%,"6,821.67"
RET-1813,ORD-8160,Wrong Item,2024-04-16,21,275.28,10%,"4,682.51"
RET-11,ORD-8192,Late Delivery,2024-04-05,51,151.58,5%,"6,609.65"
RET-545,ORD-8201,Damaged,2024-08-12,28,240.12,5%,"5,748.47"
RET-317,ORD-8208,Damaged,2024-07-14,24,634.20,5%,"13,013.78"
RET-798,ORD-8209,Quality Issue,2024-12-09,18,55.29,10%,806.13
RET-1041,ORD-8211,Quality Issue,2024-03-10,8,383.35,15%,"2,346.10"
RET-1910,ORD-8212,Damaged,2024-12-29,3,358.18,15%,822.02
RET-997,ORD-8224,Damaged,2024-02-22,76,24.26,5%,"1,576.41"
RET-1937,ORD-8225,Late Delivery,2024-05-10,15,284.90,10%,"3,461.54"
RET-319,ORD-8238,Damaged,2024-11-03,21,51.04,20%,771.72
RET-1215,ORD-8240,Wrong Item,2024-06-18,88,310.32,15%,"20,890.74"
RET-565,ORD-8241,Wrong Item,2024-04-20,85,421.51,15%,"27,408.69"
RET-1466,ORD-8242,Quality Issue,2024-06-29,66,522.24,0%,"31,021.06"
RET-1269,ORD-8251,Quality Issue,2024-02-24,75,436.87,5%,"28,014.29"
RET-1820,ORD-8305,Damaged,2024-08-01,59,149.77,10%,"7,157.51"
RET-1762,ORD-8308,Damaged,2024-12-07,68,119.68,0%,"7,324.42"
RET-1923,ORD-8328,Damaged,2024-08-09,59,373.88,10%,"17,867.73"
RET-1628,ORD-8336,Wrong Item,2024-10-18,61,645.43,0%,"35,434.11"
RET-1752,ORD-8337,Late Delivery,2024-11-19,60,602.62,20%,"26,033.18"
RET-755,ORD-8340,Late Delivery,2024-02-09,85,465.09,0%,"35,579.39"
RET-440,ORD-8365,Late Delivery,2024-06-25,53,249.07,15%,"10,098.54"
RET-697,ORD-8366,Damaged,2024-04-09,96,470.22,10%,"36,564.31"
RET-1411,ORD-8367,Wrong Item,2024-10-12,87,815.03,15%,"54,244.32"
RET-1131,ORD-8372,Late Delivery,2024-12-13,48,477.62,0%,"20,633.18"
RET-1115,ORD-8376,Wrong Item,2024-11-08,15,261.51,5%,"3,353.87"
RET-268,ORD-8386,Wrong Item,2024-04-09,28,379.53,10%,"8,607.74"
RET-129,ORD-8390,Late Delivery,2024-03-07,61,115.88,5%,"6,043.72"
RET-863,ORD-8406,Quality Issue,2024-08-16,15,611.10,5%,"7,837.36"
RET-1001,ORD-8419,Quality Issue,2024-07-15,41,265.80,5%,"9,317.62"
RET-1295,ORD-8439,Damaged,2024-03-13,17,185.65,0%,"2,840.45"
RET-742,ORD-8442,Wrong Item,2024-02-12,44,203.57,5%,"7,658.30"
RET-584,ORD-8447,Wrong Item,2024-07-19,94,464.28,20%,"31,422.47"
RET-1310,ORD-8460,Quality Issue,2024-04-04,60,595.98,5%,"30,573.77"
RET-278,ORD-8468,Late Delivery,2024-08-31,48,54.44,5%,"2,234.22"
RET-473,ORD-8472,Late Delivery,2024-11-09,11,257.37,15%,"2,165.77"
RET-1621,ORD-8481,Quality Issue,2024-09-24,14,401.62,5%,"4,807.39"
RET-187,ORD-8493,Damaged,2024-05-11,10,785.24,0%,"7,067.16"
RET-484,ORD-8497,Wrong Item,2024-03-15,80,425.63,10%,"27,580.82"
RET-1992,ORD-8499,Quality Issue,2024-02-19,35,178.61,15%,"4,782.28"
RET-1780,ORD-8505,Wrong Item,2024-10-18,34,738.09,20%,"18,068.44"
RET-1663,ORD-8517,Quality Issue,2024-08-05,22,646.69,0%,"12,804.46"
RET-1045,ORD-8528,Wrong Item,2024-05-09,19,553.95,15%,"8,051.66"
RET-623,ORD-8529,Damaged,2024-10-01,40,133.78,0%,"4,816.08"
RET-70,ORD-8537,Late Delivery,2024-03-21,5,572.24,5%,"2,446.33"
RET-485,ORD-8547,Late Delivery,2024-04-08,97,200.33,10%,"15,739.93"
RET-1588,ORD-8556,Damaged,2024-12-31,96,436.87,10%,"33,971.01"
RET-1355,ORD-8563,Wrong Item,2024-05-31,14,511.36,15%,"5,476.67"
RET-1986,ORD-8566,Late Delivery,2024-02-21,66,394.76,10%,"21,103.87"
RET-274,ORD-8568,Quality Issue,2024-04-21,77,601.32,15%,"35,420.75"
RET-256,ORD-8582,Late Delivery,2024-12-31,4,88.10,15%,269.59
RET-35,ORD-8585,Quality Issue,2024-10-27,80,424.75,10%,"27,523.80"
RET-696,ORD-8589,Wrong Item,2024-03-22,54,362.22,5%,"16,723.70"
RET-1808,ORD-8605,Damaged,2024-09-29,77,254.03,0%,"17,604.28"
RET-1191,ORD-8615,Damaged,2024-05-28,58,259.45,0%,"13,543.29"
RET-1324,ORD-8620,Late Delivery,2024-05-23,56,253.96,0%,"12,799.58"
RET-824,ORD-8633,Quality Issue,2024-11-03,53,342.70,5%,"15,529.45"
RET-1647,ORD-8645,Wrong Item,2024-07-10,7,111.58,5%,667.81
RET-867,ORD-8653,Late Delivery,2024-02-17,52,275.49,5%,"12,248.29"
RET-958,ORD-8661,Wrong Item,2024-08-22,82,244.94,5%,"17,172.74"
RET-1603,ORD-8662,Wrong Item,2024-07-03,2,702.17,0%,"1,263.91"
RET-1395,ORD-8668,Damaged,2024-09-08,16,462.97,15%,"5,666.75"
RET-1852,ORD-8669,Late Delivery,2024-11-13,76,68.77,5%,"4,468.67"
RET-182,ORD-8672,Quality Issue,2024-09-24,16,326.11,5%,"4,461.18"
RET-91,ORD-8678,Late Delivery,2024-05-10,37,296.95,0%,"9,888.44"
RET-1914,ORD-8681,Late Delivery,2024-09-17,100,235.79,10%,"19,098.99"
RET-294,ORD-8697,Wrong Item,2024-08-27,55,167.19,5%,"7,862.11"
RET-753,ORD-8711,Damaged,2024-12-04,43,93.38,5%,"3,433.12"
RET-145,ORD-8715,Damaged,2024-11-29,7,586.10,10%,"3,323.19"
RET-1707,ORD-8739,Quality Issue,2024-12-31,16,474.29,20%,"5,463.82"
RET-672,ORD-8750,Late Delivery,2024-03-11,24,370.46,5%,"7,601.84"
RET-1831,ORD-8753,Wrong Item,2024-10-19,12,198.54,5%,"2,037.02"
RET-4,ORD-8754,Quality Issue,2024-08-10,70,557.32,0%,"35,111.16"
RET-1939,ORD-8760,Quality Issue,2024-03-18,2,356.14,10%,576.95
RET-1787,ORD-8761,Wrong Item,2024-12-28,13,330.66,0%,"3,868.72"
RET-1920,ORD-8774,Late Delivery,2024-05-21,1,315.04,20%,226.83
RET-1996,ORD-8786,Late Delivery,2024-02-26,3,194.57,5%,499.07
RET-1962,ORD-8803,Wrong Item,2024-11-23,25,178.61,10%,"3,616.85"
RET-1927,ORD-8813,Wrong Item,2024-10-13,46,270.29,20%,"8,952.00"
RET-172,ORD-8816,Quality Issue,2024-02-27,63,18.79,10%,958.85
RET-276,ORD-8823,Quality Issue,2024-04-28,97,14.91,5%,"1,236.56"
RET-325,ORD-8834,Wrong Item,2024-03-22,68,39.68,10%,"2,185.57"
RET-202,ORD-8847,Damaged,2024-04-18,57,113.86,15%,"4,964.87"
RET-495,ORD-8851,Wrong Item,2024-05-16,29,743.59,20%,"15,526.16"
RET-1644,ORD-8852,Wrong Item,2024-12-01,15,618.22,0%,"8,345.97"
RET-1130,ORD-8854,Late Delivery,2024-06-10,12,364.91,20%,"3,152.82"
RET-1928,ORD-8859,Quality Issue,2024-02-04,62,267.17,20%,"11,926.47"
RET-1568,ORD-8866,Late Delivery,2024-12-23,52,43.91,20%,"1,643.99"
RET-629,ORD-8868,Wrong Item,2024-10-01,56,404.99,10%,"18,370.35"
RET-1239,ORD-8871,Quality Issue,2024-08-31,24,241.20,5%,"4,949.42"
RET-853,ORD-8885,Late Delivery,2024-12-16,48,194.03,10%,"7,543.89"
RET-1097,ORD-8897,Wrong Item,2024-02-02,100,401.65,20%,"28,918.80"
RET-1488,ORD-8899,Late Delivery,2024-12-09,27,268.07,0%,"6,514.10"
RET-846,ORD-8910,Damaged,2024-02-18,98,231.62,15%,"17,364.55"
RET-800,ORD-8919,Wrong Item,2024-04-23,65,625.33,15%,"31,094.53"
RET-350,ORD-8928,Late Delivery,2024-07-01,43,404.99,10%,"14,105.80"
RET-1680,ORD-8938,Damaged,2024-12-25,30,261.46,10%,"6,353.48"
RET-1126,ORD-8942,Quality Issue,2024-09-22,74,458.58,5%,"29,014.36"
RET-732,ORD-8956,Quality Issue,2024-12-28,11,426.42,20%,"3,377.25"
RET-98,ORD-8980,Quality Issue,2024-05-30,5,520.71,5%,"2,226.04"
RET-1940,ORD-8981,Quality Issue,2024-12-31,99,401.65,5%,"33,997.66"
RET-987,ORD-8982,Damaged,2024-05-17,44,482.63,0%,"19,112.15"
RET-107,ORD-8983,Quality Issue,2024-10-03,44,63.11,20%,"1,999.32"
RET-331,ORD-8988,Quality Issue,2024-12-31,82,231.62,5%,"16,238.88"
RET-858,ORD-8989,Late Delivery,2024-05-06,6,137.37,5%,704.71
RET-891,ORD-8991,Late Delivery,2024-03-28,92,494.91,15%,"34,831.77"
RET-1658,ORD-9000,Quality Issue,2024-09-18,29,548.35,5%,"13,596.34"
RET-1150,ORD-9002,Damaged,2024-05-16,41,562.52,20%,"16,605.59"
RET-1008,ORD-9035,Quality Issue,2024-04-12,31,338.50,0%,"9,444.15"
RET-1838,ORD-9038,Quality Issue,2024-08-06,48,184.47,5%,"7,570.65"
RET-1484,ORD-9041,Quality Issue,2024-06-23,7,859.61,0%,"5,415.54"
RET-95,ORD-9059,Quality Issue,2024-10-30,58,99.78,0%,"5,208.52"
RET-1103,ORD-9070,Wrong Item,2024-10-23,61,129.67,10%,"6,406.99"
RET-1123,ORD-9085,Late Delivery,2024-09-25,46,157.91,15%,"5,556.85"
RET-1610,ORD-9092,Damaged,2024-05-15,16,256.68,15%,"3,141.76"
RET-1087,ORD-9095,Late Delivery,2024-06-09,80,301.25,10%,"19,521.00"
RET-143,ORD-9106,Late Delivery,2024-11-27,16,618.22,5%,"8,457.25"
RET-467,ORD-9132,Quality Issue,2024-05-23,95,854.81,15%,"62,123.32"
RET-1633,ORD-9143,Wrong Item,2024-12-05,88,336.97,10%,"24,019.22"
RET-29,ORD-9153,Late Delivery,2024-12-18,17,44.28,5%,643.61
RET-373,ORD-9154,Wrong Item,2024-06-20,97,263.89,5%,"21,885.72"
RET-1837,ORD-9158,Late Delivery,2024-12-31,50,601.03,15%,"22,989.40"
RET-778,ORD-9161,Quality Issue,2024-05-13,44,268.24,10%,"9,560.07"
RET-1434,ORD-9172,Wrong Item,2024-09-25,70,172.25,10%,"9,766.58"
RET-1141,ORD-9173,Late Delivery,2024-07-12,61,635.20,5%,"33,128.86"
RET-617,ORD-9178,Late Delivery,2024-11-29,85,32.88,5%,"2,389.55"
RET-1119,ORD-9179,Quality Issue,2024-03-18,48,74.78,0%,"3,230.50"
RET-449,ORD-9201,Late Delivery,2024-08-29,21,724.70,15%,"11,642.31"
RET-1223,ORD-9210,Damaged,2024-11-28,31,522.24,0%,"14,570.50"
RET-566,ORD-9215,Wrong Item,2024-11-30,69,555.06,0%,"34,469.23"
RET-794,ORD-9248,Quality Issue,2024-08-03,93,608.27,10%,"45,820.98"
RET-1387,ORD-9278,Quality Issue,2024-03-03,24,544.38,0%,"11,758.61"
RET-459,ORD-9283,Wrong Item,2024-11-14,25,594.58,10%,"12,040.25"
RET-1952,ORD-9304,Wrong Item,2024-12-31,35,790.05,10%,"22,397.92"
RET-195,ORD-9315,Late Delivery,2024-12-31,86,411.51,5%,"30,258.33"
RET-330,ORD-9327,Late Delivery,2024-12-31,57,562.52,20%,"23,085.82"
RET-99,ORD-9345,Quality Issue,2024-09-07,16,424.64,5%,"5,809.08"
RET-1543,ORD-9348,Damaged,2024-06-09,42,257.37,0%,"9,728.59"
RET-1955,ORD-9365,Late Delivery,2024-06-19,92,634.20,20%,"42,009.41"
RET-147,ORD-9375,Quality Issue,2024-03-23,73,441.17,10%,"26,086.38"
RET-821,ORD-9384,Wrong Item,2024-10-20,69,666.57,20%,"33,115.20"
RET-1598,ORD-9427,Late Delivery,2024-12-31,36,671.44,5%,"20,666.92"
RET-450,ORD-9433,Quality Issue,2024-11-29,7,345.43,5%,"2,067.40"
RET-785,ORD-9438,Wrong Item,2024-08-24,33,331.27,15%,"8,362.91"
RET-952,ORD-9444,Wrong Item,2024-05-30,55,184.90,10%,"8,237.30"
RET-825,ORD-9453,Late Delivery,2024-09-30,81,53.12,15%,"3,291.58"
RET-1175,ORD-9458,Wrong Item,2024-12-04,59,374.55,5%,"18,894.17"
RET-1288,ORD-9460,Late Delivery,2024-11-28,3,766.17,20%,"1,654.93"
RET-1834,ORD-9461,Wrong Item,2024-08-12,53,214.78,0%,"10,245.01"
RET-443,ORD-9467,Quality Issue,2024-02-28,44,463.65,20%,"14,688.43"
RET-1482,ORD-9472,Late Delivery,2024-11-08,46,379.59,15%,"13,357.77"
RET-435,ORD-9478,Late Delivery,2024-05-09,12,173.13,5%,"1,776.31"
RET-888,ORD-9493,Quality Issue,2024-07-12,54,609.14,10%,"26,643.78"
RET-1260,ORD-9505,Wrong Item,2024-04-13,1,77.70,5%,66.43
RET-1672,ORD-9508,Damaged,2024-09-29,3,720.81,5%,"1,848.88"
RET-1889,ORD-9512,Quality Issue,2024-11-10,73,15.49,15%,865.04
RET-886,ORD-9518,Damaged,2024-06-04,100,511.34,0%,"46,020.60"
RET-476,ORD-9522,Quality Issue,2024-07-04,22,637.49,0%,"12,622.30"
RET-1799,ORD-9553,Late Delivery,2024-09-10,6,826.92,0%,"4,465.37"
RET-709,ORD-9556,Quality Issue,2024-02-13,85,373.50,0%,"28,572.75"
RET-830,ORD-9580,Damaged,2024-07-01,49,440.90,10%,"17,499.32"
RET-893,ORD-9581,Late Delivery,2024-12-22,51,681.58,15%,"26,591.84"
RET-1234,ORD-9597,Damaged,2024-08-29,4,694.01,0%,"2,498.44"
RET-1021,ORD-9625,Quality Issue,2024-06-28,77,487.55,0%,"33,787.22"
RET-1514,ORD-9629,Wrong Item,2024-06-08,89,163.40,5%,"12,433.92"
RET-1785,ORD-9632,Damaged,2024-12-31,46,274.05,20%,"9,076.54"
RET-1698,ORD-9649,Wrong Item,2024-12-19,77,640.37,20%,"35,502.11"
RET-1315,ORD-9662,Quality Issue,2024-07-13,61,454.10,15%,"21,190.58"
RET-666,ORD-9690,Wrong Item,2024-05-07,5,595.63,20%,"2,144.27"
RET-448,ORD-9693,Damaged,2024-09-20,47,377.69,0%,"15,976.29"
RET-1877,ORD-9721,Quality Issue,2024-12-18,20,595.22,0%,"10,713.96"
RET-1885,ORD-9731,Wrong Item,2024-06-20,44,104.96,15%,"3,532.95"
RET-587,ORD-9744,Late Delivery,2024-06-05,88,256.72,15%,"17,282.39"
RET-424,ORD-9762,Quality Issue,2024-10-05,26,601.32,10%,"12,663.80"
RET-1132,ORD-9787,Wrong Item,2024-02-17,51,707.02,15%,"27,584.39"
RET-675,ORD-9795,Late Delivery,2024-12-31,16,514.80,0%,"7,413.12"
RET-1845,ORD-9797,Quality Issue,2024-02-15,28,551.59,0%,"13,900.07"
RET-638,ORD-9806,Late Delivery,2024-03-25,29,330.38,0%,"8,622.92"
RET-1300,ORD-9816,Damaged,2024-05-19,44,291.80,10%,"10,399.75"
RET-1067,ORD-9817,Late Delivery,2024-12-06,5,650.49,15%,"2,488.12"
RET-589,ORD-9820,Late Delivery,2024-09-16,5,650.77,20%,"2,342.77"
RET-1079,ORD-9821,Wrong Item,2024-05-26,18,82.78,10%,"1,206.93"
RET-1137,ORD-9827,Quality Issue,2024-05-18,62,411.92,0%,"22,985.14"
RET-843,ORD-9829,Quality Issue,2024-03-30,20,566.65,0%,"10,199.70"
RET-27,ORD-9830,Damaged,2024-04-26,42,568.30,0%,"21,481.74"
RET-1564,ORD-9846,Late Delivery,2024-05-17,63,40.36,10%,"2,059.57"
RET-607,ORD-9847,Quality Issue,2024-03-03,48,99.78,10%,"3,879.45"
RET-1156,ORD-9860,Wrong Item,2024-02-25,34,268.24,15%,"6,976.92"
RET-1893,ORD-9881,Late Delivery,2024-02-09,7,142.73,10%,809.28
RET-1742,ORD-9885,Quality Issue,2024-04-10,45,282.01,20%,"9,137.12"
RET-980,ORD-9886,Quality Issue,2024-09-15,35,425.16,0%,"13,392.54"
RET-1286,ORD-9888,Wrong Item,2024-04-27,7,438.16,5%,"2,622.39"
RET-1720,ORD-9893,Late Delivery,2024-04-18,46,46.30,0%,"1,916.82"
RET-1977,ORD-9895,Late Delivery,2024-10-16,11,49.38,5%,464.42
RET-1708,ORD-9908,Quality Issue,2024-12-28,34,472.45,5%,"13,734.12"
RET-375,ORD-9912,Quality Issue,2024-11-29,68,111.54,15%,"5,802.31"
RET-1868,ORD-9917,Quality Issue,2024-12-31,40,170.96,5%,"5,846.83"
RET-573,ORD-9918,Damaged,2024-08-22,59,203.81,5%,"10,281.20"
RET-779,ORD-9922,Damaged,2024-12-08,97,71.21,15%,"5,284.14"
RET-184,ORD-9958,Quality Issue,2024-04-15,88,798.37,0%,"63,230.90"
RET-327,ORD-9962,Quality Issue,2024-09-08,81,389.77,5%,"26,993.52"
RET-581,ORD-9964,Quality Issue,2024-05-05,18,107.78,5%,"1,658.73"
RET-982,ORD-9970,Late Delivery,2024-04-20,4,432.15,5%,"1,477.95"
RET-1178,ORD-10000,Wrong Item,2024-03-26,66,217.20,10%,"11,611.51"
